split,image_path,label_path,classes
train,Almond/IMG_20241201_102429.jpg,,Almond
train,Almond/IMG_20241201_102654.jpg,,Almond
train,Almond/IMG_20241201_102807.jpg,,Almond
train,Almond/IMG_20241201_102830.jpg,,Almond
train,Almond/IMG_20241201_103049.jpg,,Almond
train,Almond/IMG_20241201_103117.jpg,,Almond
train,Almond/IMG_20241201_103337.jpg,,Almond
train,Almond/IMG_20241201_103440.jpg,,Almond
train,Almond/IMG_20241201_103454.jpg,,Almond
train,Almond/IMG_20241201_103543.jpg,,Almond
train,Almond/IMG_20241201_103624.jpg,,Almond
train,Almond/IMG_20241201_103909.jpg,,Almond
train,Almond/IMG_20241201_103935.jpg,,Almond
train,Almond/IMG_20241201_104052.jpg,,Almond
train,Almond/IMG_20241201_104103.jpg,,Almond
train,Almond/IMG_20241201_104207.jpg,,Almond
train,Almond/IMG_20241201_104310.jpg,,Almond
train,Almond/IMG_20241201_104353.jpg,,Almond
train,Almond/IMG_20241201_104458.jpg,,Almond
train,Almond/IMG_20241201_104516.jpg,,Almond
train,Almond/IMG_20241201_104546.jpg,,Almond
train,Almond/IMG_20241201_104558.jpg,,Almond
train,Almond/IMG_20241201_105019.jpg,,Almond
train,Almond/IMG_20241201_105136.jpg,,Almond
train,Almond/IMG_20241201_105201.jpg,,Almond
train,Almond/IMG_20241201_105303.jpg,,Almond
train,Almond/IMG_20241201_105317.jpg,,Almond
train,Almond/IMG_20241201_105525.jpg,,Almond
train,Almond/IMG_20241201_105715.jpg,,Almond
train,Almond/IMG_20241201_105947.jpg,,Almond
train,Almond/IMG_20241201_110155.jpg,,Almond
train,Almond/IMG_20241201_110254.jpg,,Almond
train,Almond/IMG_20241201_110357.jpg,,Almond
train,Almond/IMG_20241201_110429.jpg,,Almond
train,Almond/IMG_20241201_110443.jpg,,Almond
train,Almond/IMG_20241201_110516.jpg,,Almond
train,Almond/IMG_20241201_110528.jpg,,Almond
train,Almond/IMG_20241201_110607.jpg,,Almond
train,Almond/IMG_20241201_110625.jpg,,Almond
train,Almond/IMG_20241201_110818.jpg,,Almond
train,Almond/IMG_20241201_110914.jpg,,Almond
train,Almond/IMG_20241201_110939.jpg,,Almond
train,Almond/IMG_20241201_111029.jpg,,Almond
train,Almond/IMG_20241201_111046.jpg,,Almond
train,Almond/IMG_20241201_111358.jpg,,Almond
train,Almond/IMG_20241201_111407.jpg,,Almond
train,Almond/IMG_20241201_111623.jpg,,Almond
train,Almond/IMG_20241201_111723.jpg,,Almond
train,Almond/IMG_20241201_111920.jpg,,Almond
train,Almond/IMG_20241201_111934.jpg,,Almond
train,Almond/IMG_20241201_112244.jpg,,Almond
train,Almond/IMG_20241201_112304.jpg,,Almond
train,Almond/IMG_20241201_112319.jpg,,Almond
train,Almond/IMG_20241201_112406.jpg,,Almond
train,Almond/IMG_8918.JPG,,Almond
train,Almond/IMG_8919.JPG,,Almond
train,Almond/IMG_8921.JPG,,Almond
train,Almond/IMG_8923.JPG,,Almond
train,Almond/IMG_8924.JPG,,Almond
train,Almond/IMG_8925.JPG,,Almond
train,Almond/IMG_8926.JPG,,Almond
train,Almond/IMG_8927.JPG,,Almond
train,Almond/IMG_8929.JPG,,Almond
train,Almond/IMG_8930.JPG,,Almond
train,Almond/IMG_8931.JPG,,Almond
train,Almond/IMG_8934.JPG,,Almond
train,Almond/IMG_8935.JPG,,Almond
train,Almond/IMG_8938.JPG,,Almond
train,Almond/IMG_8939.JPG,,Almond
train,Almond/IMG_8946.JPG,,Almond
train,Almond/IMG_8949.JPG,,Almond
train,Almond/IMG_8950.JPG,,Almond
train,Almond/IMG_8951.JPG,,Almond
train,Almond/IMG_8952.JPG,,Almond
train,Almond/IMG_8954.JPG,,Almond
train,Almond/IMG_8955.JPG,,Almond
train,Almond/IMG_8957.JPG,,Almond
train,Almond/IMG_8959.JPG,,Almond
train,Almond/IMG_8960.JPG,,Almond
train,Almond/IMG_8961.JPG,,Almond
train,Almond/IMG_8962.JPG,,Almond
train,Almond/IMG_8964.JPG,,Almond
train,Almond/IMG_8965.JPG,,Almond
train,Almond/IMG_8967.JPG,,Almond
train,Almond/IMG_8968.JPG,,Almond
train,Almond/IMG_8969.JPG,,Almond
train,Almond/IMG_9077.JPG,,Almond
train,Almond/IMG_9078.JPG,,Almond
train,Almond/IMG_9079.JPG,,Almond
train,Almond/IMG_9080.JPG,,Almond
train,Almond/IMG_9082.JPG,,Almond
train,Almond/IMG_9084.JPG,,Almond
train,Almond/IMG_9085.JPG,,Almond
train,Almond/IMG_9086.JPG,,Almond
train,Almond/IMG_9087.JPG,,Almond
train,Almond/IMG_9090.JPG,,Almond
train,Almond/IMG_9091.JPG,,Almond
train,Almond/IMG_9092.JPG,,Almond
train,Almond/IMG_9096.JPG,,Almond
train,Almond/IMG_9097.JPG,,Almond
train,Almond/IMG_9098.JPG,,Almond
train,Almond/IMG_9099.JPG,,Almond
train,Almond/IMG_9100.JPG,,Almond
train,Almond/IMG_9101.JPG,,Almond
train,Almond/IMG_9102.JPG,,Almond
train,Almond/IMG_9104.JPG,,Almond
train,Almond/IMG_9105.JPG,,Almond
train,Almond/IMG_9106.JPG,,Almond
train,Almond/IMG_9108.JPG,,Almond
train,Almond/IMG_9109.JPG,,Almond
train,Almond/IMG_9110.JPG,,Almond
train,Almond/IMG_9111.JPG,,Almond
train,Almond/IMG_9112.JPG,,Almond
train,Almond/IMG_9113.JPG,,Almond
train,Almond/IMG_9114.JPG,,Almond
train,Almond/IMG_9115.JPG,,Almond
train,Almond/IMG_9116.JPG,,Almond
train,Almond/IMG_9117.JPG,,Almond
train,Almond/IMG_9118.JPG,,Almond
train,Almond/IMG_9119.JPG,,Almond
train,Almond/IMG_9120.JPG,,Almond
train,Almond/IMG_9121.JPG,,Almond
train,Almond/IMG_9122.JPG,,Almond
train,Almond/IMG_9123.JPG,,Almond
train,Almond/IMG_9124.JPG,,Almond
train,Almond/IMG_9126.JPG,,Almond
train,Almond/IMG_9127.JPG,,Almond
train,Almond/IMG_9128.JPG,,Almond
train,Almond/IMG_9129.JPG,,Almond
train,Almond/IMG_9130.JPG,,Almond
train,Almond/IMG_9131.JPG,,Almond
train,Almond/IMG_9132.JPG,,Almond
train,Almond/IMG_9135.JPG,,Almond
train,Almond/IMG_9136.JPG,,Almond
train,Almond/IMG_9137.JPG,,Almond
train,Almond/IMG_9138.JPG,,Almond
train,Almond/IMG_9140.JPG,,Almond
train,Almond/IMG_9141.JPG,,Almond
train,Almond/IMG_9142.JPG,,Almond
train,Almond/WhatsApp Image 2024-11-30 at 21.05.13_bb068c96.jpg,,Almond
train,Almond/WhatsApp Image 2024-11-30 at 21.05.14_16efe72a.jpg,,Almond
train,Almond/WhatsApp Image 2024-11-30 at 21.05.15_2200e85c.jpg,,Almond
train,Almond/WhatsApp Image 2024-11-30 at 21.05.15_9285d2fa.jpg,,Almond
train,Almond/WhatsApp Image 2024-11-30 at 21.05.16_9a1afa66.jpg,,Almond
train,Almond/WhatsApp Image 2024-11-30 at 21.05.16_9caf85c7.jpg,,Almond
train,Almond/WhatsApp Image 2024-11-30 at 21.05.16_c29f3807.jpg,,Almond
train,Almond/WhatsApp Image 2024-11-30 at 21.05.17_c2cc5a27.jpg,,Almond
train,Brazil Nuts/20241215_104337.jpg,,Brazil Nuts
train,Brazil Nuts/20241215_104406.jpg,,Brazil Nuts
train,Brazil Nuts/20241215_104542.jpg,,Brazil Nuts
train,Brazil Nuts/20241215_104706.jpg,,Brazil Nuts
train,Brazil Nuts/20241215_104931.jpg,,Brazil Nuts
train,Brazil Nuts/20241215_105055.jpg,,Brazil Nuts
train,Brazil Nuts/20241215_105109.jpg,,Brazil Nuts
train,Brazil Nuts/20241215_105146.jpg,,Brazil Nuts
train,Brazil Nuts/20241215_105343.jpg,,Brazil Nuts
train,Brazil Nuts/20241215_105356.jpg,,Brazil Nuts
train,Brazil Nuts/20241215_105412.jpg,,Brazil Nuts
train,Brazil Nuts/20241215_105450.jpg,,Brazil Nuts
train,Brazil Nuts/20241215_105542.jpg,,Brazil Nuts
train,Brazil Nuts/20241215_105647.jpg,,Brazil Nuts
train,Brazil Nuts/20241215_105703.jpg,,Brazil Nuts
train,Brazil Nuts/20241215_105844.jpg,,Brazil Nuts
train,Brazil Nuts/20241215_105900.jpg,,Brazil Nuts
train,Brazil Nuts/20241215_105947.jpg,,Brazil Nuts
train,Brazil Nuts/20241215_110203.jpg,,Brazil Nuts
train,Brazil Nuts/20241215_110925.jpg,,Brazil Nuts
train,Brazil Nuts/20241215_111108.jpg,,Brazil Nuts
train,Brazil Nuts/20241215_111130.jpg,,Brazil Nuts
train,Brazil Nuts/20241219_095954.jpg,,Brazil Nuts
train,Brazil Nuts/20241219_100045.jpg,,Brazil Nuts
train,Brazil Nuts/20241219_100108.jpg,,Brazil Nuts
train,Brazil Nuts/20241219_100141.jpg,,Brazil Nuts
train,Brazil Nuts/20241219_100248.jpg,,Brazil Nuts
train,Brazil Nuts/20241219_100313.jpg,,Brazil Nuts
train,Brazil Nuts/20241219_100420.jpg,,Brazil Nuts
train,Brazil Nuts/20241219_100555.jpg,,Brazil Nuts
train,Brazil Nuts/20241219_100714.jpg,,Brazil Nuts
train,Brazil Nuts/20241219_100855.jpg,,Brazil Nuts
train,Brazil Nuts/20241219_100915.jpg,,Brazil Nuts
train,Brazil Nuts/20241219_100928.jpg,,Brazil Nuts
train,Brazil Nuts/20241219_101052.jpg,,Brazil Nuts
train,Brazil Nuts/20241219_101200.jpg,,Brazil Nuts
train,Brazil Nuts/20241219_101345.jpg,,Brazil Nuts
train,Brazil Nuts/20241219_101406.jpg,,Brazil Nuts
train,Brazil Nuts/20241219_101510.jpg,,Brazil Nuts
train,Brazil Nuts/20241219_101520.jpg,,Brazil Nuts
train,Brazil Nuts/20241219_101816.jpg,,Brazil Nuts
train,Brazil Nuts/20241219_101837.jpg,,Brazil Nuts
train,Brazil Nuts/20241219_101930.jpg,,Brazil Nuts
train,Brazil Nuts/20241219_102046.jpg,,Brazil Nuts
train,Brazil Nuts/20241219_102140.jpg,,Brazil Nuts
train,Brazil Nuts/20241219_102315.jpg,,Brazil Nuts
train,Brazil Nuts/20241219_102405.jpg,,Brazil Nuts
train,Brazil Nuts/20241219_102419.jpg,,Brazil Nuts
train,Brazil Nuts/20241219_102534.jpg,,Brazil Nuts
train,Brazil Nuts/20241219_102627.jpg,,Brazil Nuts
train,Brazil Nuts/20241219_102805.jpg,,Brazil Nuts
train,Brazil Nuts/20241219_102833.jpg,,Brazil Nuts
train,Brazil Nuts/20241219_102844.jpg,,Brazil Nuts
train,Brazil Nuts/20241219_103027.jpg,,Brazil Nuts
train,Brazil Nuts/20241219_103114.jpg,,Brazil Nuts
train,Brazil Nuts/20241219_103133.jpg,,Brazil Nuts
train,Brazil Nuts/20241219_103206.jpg,,Brazil Nuts
train,Brazil Nuts/20241219_103233.jpg,,Brazil Nuts
train,Brazil Nuts/20241219_103308.jpg,,Brazil Nuts
train,Brazil Nuts/20241219_103422.jpg,,Brazil Nuts
train,Brazil Nuts/20241219_103528.jpg,,Brazil Nuts
train,Brazil Nuts/20241219_103556.jpg,,Brazil Nuts
train,Brazil Nuts/20241219_103616.jpg,,Brazil Nuts
train,Brazil Nuts/20241219_103751.jpg,,Brazil Nuts
train,Brazil Nuts/20241219_103935.jpg,,Brazil Nuts
train,Brazil Nuts/20241219_103953.jpg,,Brazil Nuts
train,Brazil Nuts/20241219_104107.jpg,,Brazil Nuts
train,Brazil Nuts/20241219_104140.jpg,,Brazil Nuts
train,Brazil Nuts/20241219_104234.jpg,,Brazil Nuts
train,Brazil Nuts/20241219_104245.jpg,,Brazil Nuts
train,Brazil Nuts/20241219_104300.jpg,,Brazil Nuts
train,Brazil Nuts/20241219_104317.jpg,,Brazil Nuts
train,Brazil Nuts/20241219_104347.jpg,,Brazil Nuts
train,Brazil Nuts/20241219_104449.jpg,,Brazil Nuts
train,Brazil Nuts/20241219_104616.jpg,,Brazil Nuts
train,Brazil Nuts/20241219_104740.jpg,,Brazil Nuts
train,Brazil Nuts/20241219_104815.jpg,,Brazil Nuts
train,Brazil Nuts/20241219_104849.jpg,,Brazil Nuts
train,Brazil Nuts/20241219_104858.jpg,,Brazil Nuts
train,Brazil Nuts/20241219_104905.jpg,,Brazil Nuts
train,Brazil Nuts/20241219_104930.jpg,,Brazil Nuts
train,Brazil Nuts/20241219_104958.jpg,,Brazil Nuts
train,Brazil Nuts/20241219_105104.jpg,,Brazil Nuts
train,Brazil Nuts/20241219_105341.jpg,,Brazil Nuts
train,Brazil Nuts/20241219_105356.jpg,,Brazil Nuts
train,Brazil Nuts/20241219_105441.jpg,,Brazil Nuts
train,Brazil Nuts/20241219_105503.jpg,,Brazil Nuts
train,Brazil Nuts/20241219_105535.jpg,,Brazil Nuts
train,Brazil Nuts/20241219_105556.jpg,,Brazil Nuts
train,Brazil Nuts/20241219_105637.jpg,,Brazil Nuts
train,Brazil Nuts/20241219_105644.jpg,,Brazil Nuts
train,Brazil Nuts/20241219_105728.jpg,,Brazil Nuts
train,Brazil Nuts/20241219_105746.jpg,,Brazil Nuts
train,Brazil Nuts/20241219_105833.jpg,,Brazil Nuts
train,Brazil Nuts/20241219_105857.jpg,,Brazil Nuts
train,Brazil Nuts/20241219_110242.jpg,,Brazil Nuts
train,Brazil Nuts/20241219_110248.jpg,,Brazil Nuts
train,Brazil Nuts/20241219_110308.jpg,,Brazil Nuts
train,Brazil Nuts/20241219_110330.jpg,,Brazil Nuts
train,Brazil Nuts/20241219_110420.jpg,,Brazil Nuts
train,Brazil Nuts/20241219_110435.jpg,,Brazil Nuts
train,Brazil Nuts/20241219_110520.jpg,,Brazil Nuts
train,Brazil Nuts/20241219_110527.jpg,,Brazil Nuts
train,Brazil Nuts/20241219_110554.jpg,,Brazil Nuts
train,Brazil Nuts/20241219_110749.jpg,,Brazil Nuts
train,Brazil Nuts/20241219_110754.jpg,,Brazil Nuts
train,Brazil Nuts/20241219_110809.jpg,,Brazil Nuts
train,Brazil Nuts/20241219_110835.jpg,,Brazil Nuts
train,Brazil Nuts/20241219_111008.jpg,,Brazil Nuts
train,Brazil Nuts/20241219_111030.jpg,,Brazil Nuts
train,Brazil Nuts/20241219_111058.jpg,,Brazil Nuts
train,Brazil Nuts/20241219_111118.jpg,,Brazil Nuts
train,Brazil Nuts/20241219_111128.jpg,,Brazil Nuts
train,Brazil Nuts/20241219_111158.jpg,,Brazil Nuts
train,Brazil Nuts/20241219_111205.jpg,,Brazil Nuts
train,Cashew/1734591984721.jpg,,Cashew
train,Cashew/1734591984731.jpg,,Cashew
train,Cashew/1734591984739.jpg,,Cashew
train,Cashew/1734591984754.jpg,,Cashew
train,Cashew/1734591984769.jpg,,Cashew
train,Cashew/1734591984776.jpg,,Cashew
train,Cashew/1734591984783.jpg,,Cashew
train,Cashew/1734591984791.jpg,,Cashew
train,Cashew/1734591984798.jpg,,Cashew
train,Cashew/1734591984805.jpg,,Cashew
train,Cashew/1734591984812.jpg,,Cashew
train,Cashew/1734591984820.jpg,,Cashew
train,Cashew/1734591984827.jpg,,Cashew
train,Cashew/1734591984834.jpg,,Cashew
train,Cashew/1734591984842.jpg,,Cashew
train,Cashew/1734591984850.jpg,,Cashew
train,Cashew/1734591984857.jpg,,Cashew
train,Cashew/1734591984865.jpg,,Cashew
train,Cashew/1734591984872.jpg,,Cashew
train,Cashew/1734591984888.jpg,,Cashew
train,Cashew/1734591984898.jpg,,Cashew
train,Cashew/1734591984906.jpg,,Cashew
train,Cashew/1734591984915.jpg,,Cashew
train,Cashew/1734591984932.jpg,,Cashew
train,Cashew/1734591984939.jpg,,Cashew
train,Cashew/1734591984950.jpg,,Cashew
train,Cashew/1734591984958.jpg,,Cashew
train,Cashew/1734591984966.jpg,,Cashew
train,Cashew/1734591985151.jpg,,Cashew
train,Cashew/1734591985168.jpg,,Cashew
train,Cashew/1734591985193.jpg,,Cashew
train,Cashew/1734591985204.jpg,,Cashew
train,Cashew/1734591985215.jpg,,Cashew
train,Cashew/1734591985227.jpg,,Cashew
train,Cashew/1734591985249.jpg,,Cashew
train,Cashew/1734591985264.jpg,,Cashew
train,Cashew/1734591985276.jpg,,Cashew
train,Cashew/1734591985303.jpg,,Cashew
train,Cashew/1734591985328.jpg,,Cashew
train,Cashew/1734591985353.jpg,,Cashew
train,Cashew/1734591985370.jpg,,Cashew
train,Cashew/1734591985384.jpg,,Cashew
train,Cashew/1734591985396.jpg,,Cashew
train,Cashew/1734591985410.jpg,,Cashew
train,Cashew/1734591985422.jpg,,Cashew
train,Cashew/1734591985434.jpg,,Cashew
train,Cashew/1734591985460.jpg,,Cashew
train,Cashew/1734591985472.jpg,,Cashew
train,Cashew/1734591985485.jpg,,Cashew
train,Cashew/1734591985497.jpg,,Cashew
train,Cashew/1734591985509.jpg,,Cashew
train,Cashew/1734591985523.jpg,,Cashew
train,Cashew/1734591985537.jpg,,Cashew
train,Cashew/1734591985568.jpg,,Cashew
train,Cashew/1734591985578.jpg,,Cashew
train,Cashew/1734591985589.jpg,,Cashew
train,Cashew/1734591985601.jpg,,Cashew
train,Cashew/1734591985614.jpg,,Cashew
train,Cashew/1734591985625.jpg,,Cashew
train,Cashew/1734591985634.jpg,,Cashew
train,Cashew/1734591985646.jpg,,Cashew
train,Cashew/1734591985660.jpg,,Cashew
train,Cashew/1734591985680.jpg,,Cashew
train,Cashew/1734591985692.jpg,,Cashew
train,Cashew/1734591985706.jpg,,Cashew
train,Cashew/1734591985724.jpg,,Cashew
train,Cashew/1734591985736.jpg,,Cashew
train,Cashew/1734591985747.jpg,,Cashew
train,Cashew/1734591985760.jpg,,Cashew
train,Cashew/1734591985791.jpg,,Cashew
train,Cashew/1734591985802.jpg,,Cashew
train,Cashew/1734591985814.jpg,,Cashew
train,Cashew/1734591985826.jpg,,Cashew
train,Cashew/1734591985839.jpg,,Cashew
train,Cashew/1734591985851.jpg,,Cashew
train,Cashew/1734591985859.jpg,,Cashew
train,Cashew/1734591985874.jpg,,Cashew
train,Cashew/1734591985883.jpg,,Cashew
train,Cashew/1734591985890.jpg,,Cashew
train,Cashew/20241219_111330.jpg,,Cashew
train,Cashew/20241219_111410.jpg,,Cashew
train,Cashew/20241219_111425.jpg,,Cashew
train,Cashew/20241219_111524.jpg,,Cashew
train,Cashew/20241219_111529.jpg,,Cashew
train,Cashew/20241219_111611.jpg,,Cashew
train,Cashew/20241219_111621.jpg,,Cashew
train,Cashew/20241219_111628.jpg,,Cashew
train,Cashew/20241219_111746.jpg,,Cashew
train,Cashew/20241219_111817.jpg,,Cashew
train,Cashew/20241219_111847.jpg,,Cashew
train,Cashew/20241219_111901.jpg,,Cashew
train,Cashew/20241219_112028.jpg,,Cashew
train,Cashew/20241219_112130.jpg,,Cashew
train,Cashew/20241219_112201.jpg,,Cashew
train,Cashew/20241219_112216.jpg,,Cashew
train,Cashew/20241219_112345.jpg,,Cashew
train,Cashew/20241219_112440.jpg,,Cashew
train,Cashew/20241219_112509.jpg,,Cashew
train,Cashew/20241219_112626.jpg,,Cashew
train,Cashew/20241219_112639.jpg,,Cashew
train,Cashew/20241219_112735.jpg,,Cashew
train,Cashew/20241219_112845.jpg,,Cashew
train,Cashew/20241219_112852.jpg,,Cashew
train,Cashew/20241219_112932.jpg,,Cashew
train,Cashew/20241219_113000.jpg,,Cashew
train,Cashew/20241219_113019(0).jpg,,Cashew
train,Cashew/20241219_113050.jpg,,Cashew
train,Cashew/20241219_113112.jpg,,Cashew
train,Cashew/20241219_113208.jpg,,Cashew
train,Cashew/20241219_113217.jpg,,Cashew
train,Cashew/20241219_113228.jpg,,Cashew
train,Cashew/20241219_113306.jpg,,Cashew
train,Cashew/20241219_113318.jpg,,Cashew
train,Cashew/20241219_113332.jpg,,Cashew
train,Cashew/20241219_113450.jpg,,Cashew
train,Cashew/20241219_113457.jpg,,Cashew
train,Cashew/20241219_113510.jpg,,Cashew
train,Cashew/20241219_113702.jpg,,Cashew
train,Cashew/20241219_113730.jpg,,Cashew
train,Cashew/20241219_113838.jpg,,Cashew
train,Cashew/20241219_114116.jpg,,Cashew
train,Cashew/20241219_114142.jpg,,Cashew
train,Cashew/20241219_114157.jpg,,Cashew
train,Cashew/20241219_114206.jpg,,Cashew
train,Cashew/20241219_114257.jpg,,Cashew
train,Cashew/20241219_114337.jpg,,Cashew
train,Cashew/20241219_114427.jpg,,Cashew
train,Cashew/20241219_114452.jpg,,Cashew
train,Cashew/20241219_114515.jpg,,Cashew
train,Cashew/20241219_114538.jpg,,Cashew
train,Cashew/20241219_114550.jpg,,Cashew
train,Cashew/20241219_114601.jpg,,Cashew
train,Cashew/20241219_114658.jpg,,Cashew
train,Cashew/20241219_114719.jpg,,Cashew
train,Cashew/IMG_20241219_111700.jpg,,Cashew
train,Cashew/IMG_20241219_111713.jpg,,Cashew
train,Cashew/IMG_20241219_111746.jpg,,Cashew
train,Cashew/IMG_20241219_111837.jpg,,Cashew
train,Cashew/IMG_20241219_111847.jpg,,Cashew
train,Cashew/IMG_20241219_111931.jpg,,Cashew
train,Cashew/IMG_20241219_112119.jpg,,Cashew
train,Cashew/IMG_20241219_112154.jpg,,Cashew
train,Cashew/IMG_20241219_112245.jpg,,Cashew
train,Cashew/IMG_20241219_112254.jpg,,Cashew
train,Cashew/IMG_20241219_112333.jpg,,Cashew
train,Cashew/IMG_20241219_112348.jpg,,Cashew
train,Cashew/IMG_20241219_112505.jpg,,Cashew
train,Cashew/IMG_20241219_112518.jpg,,Cashew
train,Cashew/IMG_20241219_112549.jpg,,Cashew
train,Cashew/IMG_20241219_112643.jpg,,Cashew
train,Cashew/IMG_20241219_112655.jpg,,Cashew
train,Cashew/IMG_20241219_112711.jpg,,Cashew
train,Cashew/IMG_20241219_112723.jpg,,Cashew
train,Cashew/IMG_20241219_112740.jpg,,Cashew
train,Cashew/IMG_20241219_112814.jpg,,Cashew
train,Cashew/IMG_20241219_112831.jpg,,Cashew
train,Cashew/IMG_20241219_112842.jpg,,Cashew
train,Cashew/IMG_20241219_112905.jpg,,Cashew
train,Cashew/IMG_20241219_112937.jpg,,Cashew
train,Cashew/IMG_20241219_112951.jpg,,Cashew
train,Cashew/IMG_20241219_113008.jpg,,Cashew
train,Cashew/IMG_20241219_113024.jpg,,Cashew
train,Cashew/IMG_20241219_113050.jpg,,Cashew
train,Cashew/IMG_20241219_113107.jpg,,Cashew
train,Cashew/IMG_20241219_113116.jpg,,Cashew
train,Cashew/IMG_20241219_113137.jpg,,Cashew
train,Cashew/IMG_20241219_113209.jpg,,Cashew
train,Cashew/IMG_20241219_113226.jpg,,Cashew
train,Cashew/IMG_20241219_113237.jpg,,Cashew
train,Cashew/IMG_20241219_113317.jpg,,Cashew
train,Cashew/IMG_20241219_113422.jpg,,Cashew
train,Cashew/IMG_20241219_113553.jpg,,Cashew
train,Cashew/IMG_20241219_113601.jpg,,Cashew
train,Cashew/IMG_20241219_113624.jpg,,Cashew
train,Cashew/IMG_20241219_113659.jpg,,Cashew
train,Cashew/IMG_20241219_113817.jpg,,Cashew
train,Cashew/IMG_20241219_113845.jpg,,Cashew
train,Cashew/IMG_20241219_113855.jpg,,Cashew
train,Cashew/IMG_20241219_113920.jpg,,Cashew
train,Cashew/IMG_20241219_113932.jpg,,Cashew
train,Cashew/IMG_20241219_113956.jpg,,Cashew
train,Cashew/IMG_20241219_114106.jpg,,Cashew
train,Cashew/IMG_20241219_114120.jpg,,Cashew
train,Cashew/IMG_20241219_114147.jpg,,Cashew
train,Cashew/IMG_20241219_114244.jpg,,Cashew
train,Cashew/IMG_20241219_114314.jpg,,Cashew
train,Cashew/IMG_20241219_114328.jpg,,Cashew
train,Cashew/IMG_20241219_114408.jpg,,Cashew
train,Cashew/IMG_20241219_114438.jpg,,Cashew
train,Cashew/IMG_20241219_114514.jpg,,Cashew
train,Cashew/IMG_20241219_114541.jpg,,Cashew
train,Cashew/IMG_20241219_114609.jpg,,Cashew
train,Hazelnuts/IMG_20241201_102415.jpg,,Hazelnuts
train,Hazelnuts/IMG_20241201_102429.jpg,,Hazelnuts
train,Hazelnuts/IMG_20241201_102505_1.jpg,,Hazelnuts
train,Hazelnuts/IMG_20241201_102514_1.jpg,,Hazelnuts
train,Hazelnuts/IMG_20241201_102538.jpg,,Hazelnuts
train,Hazelnuts/IMG_20241201_102556.jpg,,Hazelnuts
train,Hazelnuts/IMG_20241201_102607_1.jpg,,Hazelnuts
train,Hazelnuts/IMG_20241201_102619_1.jpg,,Hazelnuts
train,Hazelnuts/IMG_20241201_102630_1.jpg,,Hazelnuts
train,Hazelnuts/IMG_20241201_102641_1.jpg,,Hazelnuts
train,Hazelnuts/IMG_20241201_102650_1.jpg,,Hazelnuts
train,Hazelnuts/IMG_20241201_102718.jpg,,Hazelnuts
train,Hazelnuts/IMG_20241201_102730_1.jpg,,Hazelnuts
train,Hazelnuts/IMG_20241201_102831.jpg,,Hazelnuts
train,Hazelnuts/IMG_20241201_102852_1.jpg,,Hazelnuts
train,Hazelnuts/IMG_20241201_102900_1.jpg,,Hazelnuts
train,Hazelnuts/IMG_20241201_102922.jpg,,Hazelnuts
train,Hazelnuts/IMG_20241201_102941.jpg,,Hazelnuts
train,Hazelnuts/IMG_20241201_102954.jpg,,Hazelnuts
train,Hazelnuts/IMG_20241201_103041.jpg,,Hazelnuts
train,Hazelnuts/IMG_20241201_103232.jpg,,Hazelnuts
train,Hazelnuts/IMG_20241201_103242.jpg,,Hazelnuts
train,Hazelnuts/IMG_20241201_103302.jpg,,Hazelnuts
train,Hazelnuts/IMG_20241201_103314.jpg,,Hazelnuts
train,Hazelnuts/IMG_20241201_103344_1.jpg,,Hazelnuts
train,Hazelnuts/IMG_20241201_103358.jpg,,Hazelnuts
train,Hazelnuts/IMG_20241201_103415_1.jpg,,Hazelnuts
train,Hazelnuts/IMG_20241201_103421_1.jpg,,Hazelnuts
train,Hazelnuts/IMG_20241201_103445_1.jpg,,Hazelnuts
train,Hazelnuts/IMG_20241201_103450.jpg,,Hazelnuts
train,Hazelnuts/IMG_20241201_103514_1.jpg,,Hazelnuts
train,Hazelnuts/IMG_20241201_103532.jpg,,Hazelnuts
train,Hazelnuts/IMG_20241201_103540_1.jpg,,Hazelnuts
train,Hazelnuts/IMG_20241201_103615.jpg,,Hazelnuts
train,Hazelnuts/IMG_20241201_103636_1.jpg,,Hazelnuts
train,Hazelnuts/IMG_20241201_103706.jpg,,Hazelnuts
train,Hazelnuts/IMG_20241201_103714_1.jpg,,Hazelnuts
train,Hazelnuts/IMG_20241201_103751.jpg,,Hazelnuts
train,Hazelnuts/IMG_20241201_103828.jpg,,Hazelnuts
train,Hazelnuts/IMG_20241201_103835.jpg,,Hazelnuts
train,Hazelnuts/IMG_20241201_103900.jpg,,Hazelnuts
train,Hazelnuts/IMG_20241201_103914.jpg,,Hazelnuts
train,Hazelnuts/IMG_20241201_103950_1.jpg,,Hazelnuts
train,Hazelnuts/IMG_20241201_103959_1.jpg,,Hazelnuts
train,Hazelnuts/IMG_20241201_104030.jpg,,Hazelnuts
train,Hazelnuts/IMG_20241201_104059.jpg,,Hazelnuts
train,Hazelnuts/IMG_20241201_104326_1.jpg,,Hazelnuts
train,Hazelnuts/IMG_20241201_104344.jpg,,Hazelnuts
train,Hazelnuts/IMG_20241201_104409_1.jpg,,Hazelnuts
train,Hazelnuts/IMG_20241201_104453_1.jpg,,Hazelnuts
train,Hazelnuts/IMG_20241201_104621.jpg,,Hazelnuts
train,Hazelnuts/IMG_20241201_104631.jpg,,Hazelnuts
train,Hazelnuts/IMG_20241201_104644.jpg,,Hazelnuts
train,Hazelnuts/IMG_20241201_104651_1.jpg,,Hazelnuts
train,Hazelnuts/IMG_20241201_104729.jpg,,Hazelnuts
train,Hazelnuts/IMG_20241201_104737.jpg,,Hazelnuts
train,Hazelnuts/IMG_20241201_104817_1.jpg,,Hazelnuts
train,Hazelnuts/IMG_20241201_104953_1.jpg,,Hazelnuts
train,Hazelnuts/IMG_20241201_105008.jpg,,Hazelnuts
train,Hazelnuts/IMG_20241201_105026.jpg,,Hazelnuts
train,Hazelnuts/IMG_20241201_105033.jpg,,Hazelnuts
train,Hazelnuts/IMG_20241201_105118.jpg,,Hazelnuts
train,Hazelnuts/IMG_20241201_105127.jpg,,Hazelnuts
train,Hazelnuts/IMG_20241201_105157.jpg,,Hazelnuts
train,Hazelnuts/IMG_20241201_105301.jpg,,Hazelnuts
train,Hazelnuts/IMG_20241201_105339.jpg,,Hazelnuts
train,Hazelnuts/IMG_20241201_105451.jpg,,Hazelnuts
train,Hazelnuts/IMG_20241201_105505.jpg,,Hazelnuts
train,Hazelnuts/IMG_20241201_105516.jpg,,Hazelnuts
train,Hazelnuts/IMG_20241201_105535.jpg,,Hazelnuts
train,Hazelnuts/IMG_20241201_105652_1.jpg,,Hazelnuts
train,Hazelnuts/IMG_20241201_105659_1.jpg,,Hazelnuts
train,Hazelnuts/IMG_20241201_105842.jpg,,Hazelnuts
train,Hazelnuts/IMG_20241201_105910.jpg,,Hazelnuts
train,Hazelnuts/IMG_20241201_105917.jpg,,Hazelnuts
train,Hazelnuts/IMG_20241201_110004.jpg,,Hazelnuts
train,Hazelnuts/IMG_20241201_110023.jpg,,Hazelnuts
train,Hazelnuts/IMG_20241201_110039.jpg,,Hazelnuts
train,Hazelnuts/IMG_20241201_110124.jpg,,Hazelnuts
train,Hazelnuts/IMG_20241201_110200.jpg,,Hazelnuts
train,Hazelnuts/IMG_20241201_110211_1.jpg,,Hazelnuts
train,Hazelnuts/IMG_20241201_110227.jpg,,Hazelnuts
train,Hazelnuts/IMG_20241201_110235.jpg,,Hazelnuts
train,Hazelnuts/IMG_20241201_110305_1.jpg,,Hazelnuts
train,Hazelnuts/IMG_20241201_110459.jpg,,Hazelnuts
train,Hazelnuts/IMG_20241201_110537_1.jpg,,Hazelnuts
train,Hazelnuts/IMG_20241201_110631.jpg,,Hazelnuts
train,Hazelnuts/IMG_20241201_110714.jpg,,Hazelnuts
train,Hazelnuts/IMG_20241201_110732_1.jpg,,Hazelnuts
train,Hazelnuts/IMG_20241201_110906.jpg,,Hazelnuts
train,Hazelnuts/IMG_20241201_110928.jpg,,Hazelnuts
train,Hazelnuts/IMG_20241201_111127_1.jpg,,Hazelnuts
train,Hazelnuts/IMG_20241201_111224.jpg,,Hazelnuts
train,Hazelnuts/IMG_20241201_111254.jpg,,Hazelnuts
train,Hazelnuts/IMG_20241201_111308_1.jpg,,Hazelnuts
train,Hazelnuts/IMG_20241201_111347.jpg,,Hazelnuts
train,Hazelnuts/IMG_20241201_111356.jpg,,Hazelnuts
train,Hazelnuts/IMG_20241201_111419.jpg,,Hazelnuts
train,Hazelnuts/IMG_20241201_111626_1.jpg,,Hazelnuts
train,Hazelnuts/IMG_20241201_111637_1.jpg,,Hazelnuts
train,Hazelnuts/IMG_20241201_111716_1.jpg,,Hazelnuts
train,Hazelnuts/IMG_20241201_111732.jpg,,Hazelnuts
train,Hazelnuts/IMG_20241201_111900.jpg,,Hazelnuts
train,Hazelnuts/IMG_20241201_111911_1.jpg,,Hazelnuts
train,Hazelnuts/IMG_20241201_111922.jpg,,Hazelnuts
train,Hazelnuts/IMG_20241201_111935.jpg,,Hazelnuts
train,Hazelnuts/IMG_20241201_112011_1.jpg,,Hazelnuts
train,Hazelnuts/IMG_20241201_112021_1.jpg,,Hazelnuts
train,Hazelnuts/IMG_20241201_112036_1.jpg,,Hazelnuts
train,Hazelnuts/IMG_20241201_112204.jpg,,Hazelnuts
train,Hazelnuts/IMG_20241201_112221_1.jpg,,Hazelnuts
train,Hazelnuts/IMG_20241201_112235.jpg,,Hazelnuts
train,Hazelnuts/IMG_20241201_112317.jpg,,Hazelnuts
train,Hazelnuts/IMG_20241201_112328_1.jpg,,Hazelnuts
train,Hazelnuts/IMG_20241201_112350.jpg,,Hazelnuts
train,Hazelnuts/IMG_20241201_112405.jpg,,Hazelnuts
train,Hazelnuts/IMG_20241201_112426.jpg,,Hazelnuts
train,Hazelnuts/IMG_20241201_112504.jpg,,Hazelnuts
train,Hazelnuts/IMG_20241201_112605.jpg,,Hazelnuts
train,Hazelnuts/IMG_20241201_112623.jpg,,Hazelnuts
train,Hazelnuts/IMG_20241201_112649.jpg,,Hazelnuts
train,Hazelnuts/IMG_20241201_112701.jpg,,Hazelnuts
train,Hazelnuts/IMG_20241201_112810.jpg,,Hazelnuts
train,Hazelnuts/IMG_20241201_112822.jpg,,Hazelnuts
train,Hazelnuts/IMG_20241201_112842_1.jpg,,Hazelnuts
train,Hazelnuts/IMG_20241201_112907.jpg,,Hazelnuts
train,Hazelnuts/IMG_20241201_112917_1.jpg,,Hazelnuts
train,Hazelnuts/IMG_20241201_112934.jpg,,Hazelnuts
train,Hazelnuts/IMG_20241201_112947.jpg,,Hazelnuts
train,Hazelnuts/IMG_20241201_113002_1.jpg,,Hazelnuts
train,Hazelnuts/IMG_20241201_113010.jpg,,Hazelnuts
train,Hazelnuts/IMG_20241201_113052_1.jpg,,Hazelnuts
train,Macademia/1734591799129.jpg,,Macademia
train,Macademia/1734591799138.jpg,,Macademia
train,Macademia/1734591799147.jpg,,Macademia
train,Macademia/1734591799156.jpg,,Macademia
train,Macademia/1734591799163.jpg,,Macademia
train,Macademia/1734591799178.jpg,,Macademia
train,Macademia/1734591799187.jpg,,Macademia
train,Macademia/1734591799194.jpg,,Macademia
train,Macademia/1734591799202.jpg,,Macademia
train,Macademia/1734591799209.jpg,,Macademia
train,Macademia/1734591799217.jpg,,Macademia
train,Macademia/1734591799225.jpg,,Macademia
train,Macademia/1734591799233.jpg,,Macademia
train,Macademia/1734591799242.jpg,,Macademia
train,Macademia/1734591799250.jpg,,Macademia
train,Macademia/1734591799259.jpg,,Macademia
train,Macademia/1734591799274.jpg,,Macademia
train,Macademia/1734591799284.jpg,,Macademia
train,Macademia/1734591799296.jpg,,Macademia
train,Macademia/1734591799311.jpg,,Macademia
train,Macademia/1734591799320.jpg,,Macademia
train,Macademia/1734591799329.jpg,,Macademia
train,Macademia/1734591799344.jpg,,Macademia
train,Macademia/1734591799353.jpg,,Macademia
train,Macademia/1734591799376.jpg,,Macademia
train,Macademia/1734591799398.jpg,,Macademia
train,Macademia/1734591799405.jpg,,Macademia
train,Macademia/1734591799414.jpg,,Macademia
train,Macademia/1734591799423.jpg,,Macademia
train,Macademia/1734591799430.jpg,,Macademia
train,Macademia/1734591799438.jpg,,Macademia
train,Macademia/1734591799446.jpg,,Macademia
train,Macademia/1734591799455.jpg,,Macademia
train,Macademia/1734591799463.jpg,,Macademia
train,Macademia/1734591799471.jpg,,Macademia
train,Macademia/1734591799480.jpg,,Macademia
train,Macademia/1734591799495.jpg,,Macademia
train,Macademia/1734591799511.jpg,,Macademia
train,Macademia/1734591799520.jpg,,Macademia
train,Macademia/1734591799535.jpg,,Macademia
train,Macademia/1734591799544.jpg,,Macademia
train,Macademia/1734591799552.jpg,,Macademia
train,Macademia/1734591799559.jpg,,Macademia
train,Macademia/1734591799575.jpg,,Macademia
train,Macademia/1734591799594.jpg,,Macademia
train,Macademia/1734591799609.jpg,,Macademia
train,Macademia/1734591799618.jpg,,Macademia
train,Macademia/1734591799626.jpg,,Macademia
train,Macademia/1734591799633.jpg,,Macademia
train,Macademia/1734591799641.jpg,,Macademia
train,Macademia/1734591799648.jpg,,Macademia
train,Macademia/1734591799655.jpg,,Macademia
train,Macademia/1734591799662.jpg,,Macademia
train,Macademia/1734591799671.jpg,,Macademia
train,Macademia/1734591799680.jpg,,Macademia
train,Macademia/1734591799687.jpg,,Macademia
train,Macademia/1734591799694.jpg,,Macademia
train,Macademia/1734591799702.jpg,,Macademia
train,Macademia/1734591799711.jpg,,Macademia
train,Macademia/1734591799734.jpg,,Macademia
train,Macademia/1734591799742.jpg,,Macademia
train,Macademia/1734591799751.jpg,,Macademia
train,Macademia/1734591799758.jpg,,Macademia
train,Macademia/1734591799766.jpg,,Macademia
train,Macademia/1734591799774.jpg,,Macademia
train,Macademia/1734591799782.jpg,,Macademia
train,Macademia/1734591799791.jpg,,Macademia
train,Macademia/1734591799807.jpg,,Macademia
train,Macademia/1734591799816.jpg,,Macademia
train,Macademia/1734591799825.jpg,,Macademia
train,Macademia/1734591799835.jpg,,Macademia
train,Macademia/1734591799855.jpg,,Macademia
train,Macademia/1734591799865.jpg,,Macademia
train,Macademia/1734591799874.jpg,,Macademia
train,Macademia/1734591799884.jpg,,Macademia
train,Macademia/1734591799894.jpg,,Macademia
train,Macademia/1734591799919.jpg,,Macademia
train,Macademia/1734591799932.jpg,,Macademia
train,Macademia/1734591799956.jpg,,Macademia
train,Peanut/1734590991608.jpg,,Peanut
train,Peanut/1734590991635.jpg,,Peanut
train,Peanut/1734590991648.jpg,,Peanut
train,Peanut/1734590991660.jpg,,Peanut
train,Peanut/1734590991672.jpg,,Peanut
train,Peanut/1734590991700.jpg,,Peanut
train,Peanut/1734590991715.jpg,,Peanut
train,Peanut/1734590991744.jpg,,Peanut
train,Peanut/1734590991758.jpg,,Peanut
train,Peanut/1734590991785.jpg,,Peanut
train,Peanut/1734590991808.jpg,,Peanut
train,Peanut/1734590991818.jpg,,Peanut
train,Peanut/1734590991830.jpg,,Peanut
train,Peanut/1734590991840.jpg,,Peanut
train,Peanut/1734590991866.jpg,,Peanut
train,Peanut/1734590991878.jpg,,Peanut
train,Peanut/1734590991890.jpg,,Peanut
train,Peanut/1734590991912.jpg,,Peanut
train,Peanut/1734590991924.jpg,,Peanut
train,Peanut/1734590991935.jpg,,Peanut
train,Peanut/1734590991956.jpg,,Peanut
train,Peanut/1734590991967.jpg,,Peanut
train,Peanut/1734590991978.jpg,,Peanut
train,Peanut/1734590991991.jpg,,Peanut
train,Peanut/1734590992002.jpg,,Peanut
train,Peanut/1734590992013.jpg,,Peanut
train,Peanut/1734590992023.jpg,,Peanut
train,Peanut/1734590992033.jpg,,Peanut
train,Peanut/1734590992062.jpg,,Peanut
train,Peanut/1734590992090.jpg,,Peanut
train,Peanut/1734590992102.jpg,,Peanut
train,Peanut/1734590992112.jpg,,Peanut
train,Peanut/1734590992123.jpg,,Peanut
train,Peanut/1734590992155.jpg,,Peanut
train,Peanut/1734590992166.jpg,,Peanut
train,Peanut/1734590992177.jpg,,Peanut
train,Peanut/1734590992191.jpg,,Peanut
train,Peanut/1734590992212.jpg,,Peanut
train,Peanut/1734590992222.jpg,,Peanut
train,Peanut/1734590992232.jpg,,Peanut
train,Peanut/1734590992244.jpg,,Peanut
train,Peanut/1734590992255.jpg,,Peanut
train,Peanut/1734590992278.jpg,,Peanut
train,Peanut/1734590992291.jpg,,Peanut
train,Peanut/1734590992312.jpg,,Peanut
train,Peanut/1734590992325.jpg,,Peanut
train,Peanut/1734590992335.jpg,,Peanut
train,Peanut/1734590992346.jpg,,Peanut
train,Peanut/1734590992378.jpg,,Peanut
train,Peanut/1734590992389.jpg,,Peanut
train,Peanut/1734590992399.jpg,,Peanut
train,Peanut/1734590992422.jpg,,Peanut
train,Peanut/1734590992433.jpg,,Peanut
train,Peanut/1734590992442.jpg,,Peanut
train,Peanut/1734590992452.jpg,,Peanut
train,Peanut/1734590992473.jpg,,Peanut
train,Peanut/1734590992485.jpg,,Peanut
train,Peanut/1734590992510.jpg,,Peanut
train,Peanut/1734590992522.jpg,,Peanut
train,Peanut/1734590992544.jpg,,Peanut
train,Peanut/1734590992555.jpg,,Peanut
train,Peanut/1734590992567.jpg,,Peanut
train,Peanut/1734590992579.jpg,,Peanut
train,Peanut/1734590992591.jpg,,Peanut
train,Peanut/1734590992601.jpg,,Peanut
train,Peanut/1734590992612.jpg,,Peanut
train,Peanut/1734590992623.jpg,,Peanut
train,Peanut/1734590992633.jpg,,Peanut
train,Peanut/1734590992645.jpg,,Peanut
train,Peanut/1734590992655.jpg,,Peanut
train,Peanut/1734590992667.jpg,,Peanut
train,Peanut/1734590992690.jpg,,Peanut
train,Peanut/1734590992702.jpg,,Peanut
train,Peanut/1734590992724.jpg,,Peanut
train,Peanut/1734590992735.jpg,,Peanut
train,Peanut/1734590992757.jpg,,Peanut
train,Peanut/1734590992769.jpg,,Peanut
train,Peanut/1734590992781.jpg,,Peanut
train,Peanut/1734590992793.jpg,,Peanut
train,Peanut/1734590992813.jpg,,Peanut
train,Peanut/1734590992823.jpg,,Peanut
train,Peanut/1734590992834.jpg,,Peanut
train,Peanut/1734590992844.jpg,,Peanut
train,Peanut/1734590992856.jpg,,Peanut
train,Peanut/1734590992868.jpg,,Peanut
train,Peanut/1734590992883.jpg,,Peanut
train,Peanut/1734590992894.jpg,,Peanut
train,Peanut/1734590992905.jpg,,Peanut
train,Peanut/1734590992916.jpg,,Peanut
train,Peanut/1734590992936.jpg,,Peanut
train,Peanut/1734590992947.jpg,,Peanut
train,Peanut/1734590992959.jpg,,Peanut
train,Peanut/1734590992973.jpg,,Peanut
train,Peanut/1734590992985.jpg,,Peanut
train,Peanut/1734590992998.jpg,,Peanut
train,Peanut/1734590993010.jpg,,Peanut
train,Peanut/1734590993022.jpg,,Peanut
train,Peanut/1734590993034.jpg,,Peanut
train,Peanut/1734590993046.jpg,,Peanut
train,Peanut/1734590993058.jpg,,Peanut
train,Peanut/1734590993069.jpg,,Peanut
train,Peanut/1734590993081.jpg,,Peanut
train,Peanut/1734590993092.jpg,,Peanut
train,Peanut/1734590993102.jpg,,Peanut
train,Peanut/1734590993113.jpg,,Peanut
train,Peanut/1734590993124.jpg,,Peanut
train,Peanut/1734590993136.jpg,,Peanut
train,Peanut/20241217_114716.jpg,,Peanut
train,Peanut/20241217_114846.jpg,,Peanut
train,Peanut/20241217_114910.jpg,,Peanut
train,Peanut/20241217_114936.jpg,,Peanut
train,Peanut/20241217_115011.jpg,,Peanut
train,Peanut/20241217_115026.jpg,,Peanut
train,Peanut/20241217_115129.jpg,,Peanut
train,Peanut/20241217_115148.jpg,,Peanut
train,Peanut/20241217_115331.jpg,,Peanut
train,Peanut/20241217_115347.jpg,,Peanut
train,Peanut/20241217_115418.jpg,,Peanut
train,Peanut/20241217_115432.jpg,,Peanut
train,Peanut/20241217_115457.jpg,,Peanut
train,Peanut/20241217_115524.jpg,,Peanut
train,Peanut/20241217_115542.jpg,,Peanut
train,Peanut/20241217_115554.jpg,,Peanut
train,Peanut/20241217_115620.jpg,,Peanut
train,Peanut/20241217_115633.jpg,,Peanut
train,Peanut/20241217_115645.jpg,,Peanut
train,Peanut/20241217_115659.jpg,,Peanut
train,Peanut/20241217_115736.jpg,,Peanut
train,Peanut/20241217_115834.jpg,,Peanut
train,Peanut/20241217_115856.jpg,,Peanut
train,Peanut/IMG_20241217_110529.jpg,,Peanut
train,Peanut/IMG_20241217_110707.jpg,,Peanut
train,Peanut/IMG_20241217_111003.jpg,,Peanut
train,Peanut/IMG_20241217_111050.jpg,,Peanut
train,Peanut/IMG_20241217_111104.jpg,,Peanut
train,Peanut/IMG_20241217_111125.jpg,,Peanut
train,Peanut/IMG_20241217_111225.jpg,,Peanut
train,Peanut/IMG_20241217_111447.jpg,,Peanut
train,Peanut/IMG_20241217_112121.jpg,,Peanut
train,Peanut/IMG_20241217_112137.jpg,,Peanut
train,Peanut/IMG_20241217_112154_1.jpg,,Peanut
train,Peanut/IMG_20241217_112340.jpg,,Peanut
train,Peanut/IMG_20241217_112509.jpg,,Peanut
train,Peanut/IMG_20241217_112535.jpg,,Peanut
train,Peanut/IMG_20241217_112558.jpg,,Peanut
train,Peanut/IMG_20241217_112744.jpg,,Peanut
train,Peanut/IMG_20241217_112755.jpg,,Peanut
train,Peanut/IMG_20241217_112805.jpg,,Peanut
train,Peanut/IMG_20241217_112845.jpg,,Peanut
train,Peanut/IMG_20241217_112901.jpg,,Peanut
train,Peanut/IMG_20241217_112913.jpg,,Peanut
train,Peanut/IMG_20241217_113520.jpg,,Peanut
train,Peanut/IMG_20241217_113542.jpg,,Peanut
train,Peanut/IMG_20241217_113637.jpg,,Peanut
train,Peanut/IMG_20241217_113707_1.jpg,,Peanut
train,Peanut/IMG_20241217_113723.jpg,,Peanut
train,Peanut/IMG_20241217_113815.jpg,,Peanut
train,Peanut/IMG_20241217_113840_1.jpg,,Peanut
train,Peanut/IMG_20241217_113931.jpg,,Peanut
train,Peanut/IMG_20241217_114018.jpg,,Peanut
train,Peanut/IMG_20241217_114048.jpg,,Peanut
train,Peanut/IMG_20241217_114210.jpg,,Peanut
train,Peanut/IMG_20241217_114340.jpg,,Peanut
train,Peanut/IMG_20241217_114539_1.jpg,,Peanut
train,Peanut/IMG_20241217_114650_1.jpg,,Peanut
train,Peanut/IMG_20241217_114735_1.jpg,,Peanut
train,Peanut/IMG_20241217_114843.jpg,,Peanut
train,Peanut/IMG_20241217_114904.jpg,,Peanut
train,Peanut/IMG_20241217_114926_1.jpg,,Peanut
train,Peanut/IMG_20241217_114954.jpg,,Peanut
train,Peanut/IMG_20241217_115016.jpg,,Peanut
train,Peanut/IMG_20241217_115029.jpg,,Peanut
train,Peanut/IMG_20241217_115044.jpg,,Peanut
train,Peanut/IMG_20241217_115104.jpg,,Peanut
train,Peanut/IMG_20241217_115129.jpg,,Peanut
train,Peanut/IMG_20241217_115142.jpg,,Peanut
train,Peanut/IMG_20241217_115153.jpg,,Peanut
train,Peanut/IMG_20241217_115213.jpg,,Peanut
train,Peanut/IMG_20241217_115302.jpg,,Peanut
train,Peanut/IMG_20241217_115320.jpg,,Peanut
train,Peanut/IMG_20241217_115343.jpg,,Peanut
train,Peanut/IMG_20241217_115350.jpg,,Peanut
train,Peanut/IMG_20241217_115605.jpg,,Peanut
train,Peanut/IMG_20241217_115626.jpg,,Peanut
train,Peanut/IMG_20241217_115633_1.jpg,,Peanut
train,Peanut/IMG_20241217_115642.jpg,,Peanut
train,Peanut/IMG_20241217_115703_1.jpg,,Peanut
train,Peanut/IMG_20241217_115727.jpg,,Peanut
train,Peanut/IMG_20241217_115754_1.jpg,,Peanut
train,Peanut/IMG_20241217_115815.jpg,,Peanut
train,Peanut/IMG_20241217_115909.jpg,,Peanut
train,Peanut/IMG_20241217_115931.jpg,,Peanut
train,Peanut/IMG_20241217_115953_1.jpg,,Peanut
train,Pistachio/IMG_20241201_114038_1.jpg,,Pistachio
train,Pistachio/IMG_20241201_114052.jpg,,Pistachio
train,Pistachio/IMG_20241201_114237.jpg,,Pistachio
train,Pistachio/IMG_20241201_114311.jpg,,Pistachio
train,Pistachio/IMG_20241201_114325.jpg,,Pistachio
train,Pistachio/IMG_20241201_114354.jpg,,Pistachio
train,Pistachio/IMG_20241201_114415_1.jpg,,Pistachio
train,Pistachio/IMG_20241201_114430.jpg,,Pistachio
train,Pistachio/IMG_20241201_114521.jpg,,Pistachio
train,Pistachio/IMG_20241201_114545.jpg,,Pistachio
train,Pistachio/IMG_20241201_114719_1.jpg,,Pistachio
train,Pistachio/IMG_20241201_114828.jpg,,Pistachio
train,Pistachio/IMG_20241201_114901.jpg,,Pistachio
train,Pistachio/IMG_20241201_114910.jpg,,Pistachio
train,Pistachio/IMG_20241201_114950_1.jpg,,Pistachio
train,Pistachio/IMG_20241201_115001.jpg,,Pistachio
train,Pistachio/IMG_20241201_115013.jpg,,Pistachio
train,Pistachio/IMG_20241201_115100.jpg,,Pistachio
train,Pistachio/IMG_20241201_115124_1.jpg,,Pistachio
train,Pistachio/IMG_20241201_115141.jpg,,Pistachio
train,Pistachio/IMG_20241201_115149_1.jpg,,Pistachio
train,Pistachio/IMG_20241201_115201.jpg,,Pistachio
train,Pistachio/IMG_20241201_115353_1.jpg,,Pistachio
train,Pistachio/IMG_20241201_115400_1.jpg,,Pistachio
train,Pistachio/IMG_20241201_115522.jpg,,Pistachio
train,Pistachio/IMG_20241201_115557_1.jpg,,Pistachio
train,Pistachio/IMG_20241201_115635_1.jpg,,Pistachio
train,Pistachio/IMG_20241201_115640.jpg,,Pistachio
train,Pistachio/IMG_20241201_115648_1.jpg,,Pistachio
train,Pistachio/IMG_20241201_115711_1.jpg,,Pistachio
train,Pistachio/IMG_20241201_115924.jpg,,Pistachio
train,Pistachio/IMG_20241201_115955.jpg,,Pistachio
train,Pistachio/IMG_20241201_120106.jpg,,Pistachio
train,Pistachio/IMG_20241201_120112.jpg,,Pistachio
train,Pistachio/IMG_20241201_120119_1.jpg,,Pistachio
train,Pistachio/IMG_20241201_120128_1.jpg,,Pistachio
train,Pistachio/IMG_20241201_120206.jpg,,Pistachio
train,Pistachio/IMG_20241201_120223_1.jpg,,Pistachio
train,Pistachio/IMG_20241201_120246_1.jpg,,Pistachio
train,Pistachio/IMG_20241201_120309.jpg,,Pistachio
train,Pistachio/IMG_20241201_120352.jpg,,Pistachio
train,Pistachio/IMG_20241201_120411_1.jpg,,Pistachio
train,Pistachio/IMG_20241201_120423.jpg,,Pistachio
train,Pistachio/IMG_20241201_120446.jpg,,Pistachio
train,Pistachio/IMG_20241201_120457_1.jpg,,Pistachio
train,Pistachio/IMG_20241201_120517.jpg,,Pistachio
train,Pistachio/IMG_20241201_120546.jpg,,Pistachio
train,Pistachio/IMG_20241201_120615.jpg,,Pistachio
train,Pistachio/IMG_20241201_120626.jpg,,Pistachio
train,Pistachio/IMG_20241201_120642.jpg,,Pistachio
train,Pistachio/IMG_20241201_120655.jpg,,Pistachio
train,Pistachio/IMG_20241201_120710.jpg,,Pistachio
train,Pistachio/IMG_20241201_120719_1.jpg,,Pistachio
train,Pistachio/IMG_20241215_104153_1.jpg,,Pistachio
train,Pistachio/IMG_20241215_104548.jpg,,Pistachio
train,Pistachio/IMG_20241215_104757.jpg,,Pistachio
train,Pistachio/IMG_20241215_104841.jpg,,Pistachio
train,Pistachio/IMG_20241215_104924.jpg,,Pistachio
train,Pistachio/IMG_20241215_104942.jpg,,Pistachio
train,Pistachio/IMG_20241215_104957.jpg,,Pistachio
train,Pistachio/IMG_20241215_105126.jpg,,Pistachio
train,Pistachio/IMG_20241215_105139.jpg,,Pistachio
train,Pistachio/IMG_20241215_105231.jpg,,Pistachio
train,Pistachio/IMG_20241215_105246.jpg,,Pistachio
train,Pistachio/IMG_20241215_105352.jpg,,Pistachio
train,Pistachio/IMG_20241215_105405.jpg,,Pistachio
train,Pistachio/IMG_20241215_105426.jpg,,Pistachio
train,Pistachio/IMG_20241215_105739.jpg,,Pistachio
train,Pistachio/IMG_20241215_105917.jpg,,Pistachio
train,Pistachio/IMG_20241215_105939.jpg,,Pistachio
train,Pistachio/IMG_20241215_110017.jpg,,Pistachio
train,Pistachio/IMG_20241215_110115.jpg,,Pistachio
train,Pistachio/IMG_20241215_110131.jpg,,Pistachio
train,Pistachio/IMG_20241215_110225.jpg,,Pistachio
train,Pistachio/IMG_20241215_110253.jpg,,Pistachio
train,Pistachio/IMG_20241215_110509.jpg,,Pistachio
train,Pistachio/IMG_20241215_110527.jpg,,Pistachio
train,Pistachio/IMG_20241215_110646.jpg,,Pistachio
train,Pistachio/IMG_20241215_110727.jpg,,Pistachio
train,Pistachio/IMG_20241215_110754.jpg,,Pistachio
train,Pistachio/IMG_20241215_111339.jpg,,Pistachio
train,Pistachio/IMG_20241215_111354.jpg,,Pistachio
train,Pistachio/IMG_20241215_111423.jpg,,Pistachio
train,Pistachio/IMG_20241215_111442.jpg,,Pistachio
train,Pistachio/IMG_20241215_111543.jpg,,Pistachio
train,Pistachio/IMG_20241215_111555.jpg,,Pistachio
train,Pistachio/IMG_20241215_111605.jpg,,Pistachio
train,Pistachio/IMG_20241215_111615.jpg,,Pistachio
train,Pistachio/IMG_20241215_111623.jpg,,Pistachio
train,Pistachio/IMG_20241215_111749.jpg,,Pistachio
train,Pistachio/IMG_20241215_111803.jpg,,Pistachio
train,Pistachio/IMG_20241215_111815.jpg,,Pistachio
train,Pistachio/IMG_20241215_111826.jpg,,Pistachio
train,Pistachio/IMG_20241215_111844.jpg,,Pistachio
train,Pistachio/IMG_20241215_111938.jpg,,Pistachio
train,Pistachio/IMG_20241215_111953.jpg,,Pistachio
train,Pistachio/IMG_20241215_112007.jpg,,Pistachio
train,Pistachio/IMG_20241215_112117.jpg,,Pistachio
train,Pistachio/IMG_20241215_112150.jpg,,Pistachio
train,Pistachio/IMG_20241215_112208.jpg,,Pistachio
train,Pistachio/IMG_20241215_112327.jpg,,Pistachio
train,Pistachio/IMG_20241215_112338.jpg,,Pistachio
train,Pistachio/IMG_20241215_112357.jpg,,Pistachio
train,Pistachio/IMG_20241215_112427.jpg,,Pistachio
train,Pistachio/IMG_20241215_112525.jpg,,Pistachio
train,Pistachio/IMG_20241215_112537.jpg,,Pistachio
train,Pistachio/IMG_20241215_112556.jpg,,Pistachio
train,Pistachio/IMG_20241215_112613.jpg,,Pistachio
train,Pistachio/IMG_20241215_112705.jpg,,Pistachio
train,Pistachio/IMG_20241215_112722.jpg,,Pistachio
train,Pistachio/IMG_20241215_112743.jpg,,Pistachio
train,Pistachio/IMG_20241215_112801.jpg,,Pistachio
train,Pistachio/IMG_20241215_112817.jpg,,Pistachio
train,Pistachio/IMG_20241215_112902.jpg,,Pistachio
train,Pistachio/IMG_20241215_112926.jpg,,Pistachio
train,Pistachio/IMG_20241215_112949.jpg,,Pistachio
train,Pistachio/IMG_20241215_113002.jpg,,Pistachio
train,Pistachio/IMG_20241215_113028.jpg,,Pistachio
train,Pistachio/IMG_20241215_113041.jpg,,Pistachio
train,Pistachio/IMG_20241215_113448.jpg,,Pistachio
train,Pistachio/IMG_20241215_113500.jpg,,Pistachio
train,Pistachio/IMG_20241215_113539.jpg,,Pistachio
train,Pistachio/IMG_20241215_113549.jpg,,Pistachio
train,Pistachio/IMG_20241215_113611.jpg,,Pistachio
train,Pistachio/IMG_20241215_113646.jpg,,Pistachio
train,Pistachio/IMG_20241215_113654.jpg,,Pistachio
train,Pistachio/IMG_20241215_113918.jpg,,Pistachio
train,Pistachio/IMG_20241215_113928.jpg,,Pistachio
train,Pistachio/IMG_20241215_113944.jpg,,Pistachio
train,Pistachio/IMG_20241215_114017.jpg,,Pistachio
train,Pistachio/IMG_20241215_114030.jpg,,Pistachio
train,Pistachio/IMG_20241215_114055.jpg,,Pistachio
train,Pistachio/IMG_20241215_114116.jpg,,Pistachio
train,Pistachio/IMG_20241215_114131.jpg,,Pistachio
train,Pistachio/IMG_20241215_114153.jpg,,Pistachio
train,Pistachio/IMG_20241215_114211.jpg,,Pistachio
train,Pistachio/IMG_20241215_114227.jpg,,Pistachio
train,Pistachio/IMG_20241215_114240.jpg,,Pistachio
train,Pistachio/IMG_20241215_114405.jpg,,Pistachio
train,Pistachio/IMG_20241215_114415.jpg,,Pistachio
train,Pistachio/IMG_20241215_114447.jpg,,Pistachio
train,Pistachio/IMG_20241215_114523.jpg,,Pistachio
train,Pistachio/IMG_20241215_114547.jpg,,Pistachio
train,Pistachio/IMG_20241215_114611.jpg,,Pistachio
train,Pistachio/IMG_20241215_114652.jpg,,Pistachio
train,Pistachio/IMG_20241215_115501.jpg,,Pistachio
train,Pistachio/IMG_20241215_115535.jpg,,Pistachio
train,Pistachio/IMG_20241215_115548.jpg,,Pistachio
train,Pistachio/IMG_20241215_115601.jpg,,Pistachio
train,Pistachio/IMG_20241215_115610.jpg,,Pistachio
train,Pistachio/IMG_20241215_115753.jpg,,Pistachio
train,Pistachio/IMG_20241215_115932.jpg,,Pistachio
train,Pistachio/IMG_20241215_120000.jpg,,Pistachio
train,Pistachio/IMG_20241215_120021.jpg,,Pistachio
train,Pistachio/IMG_20241215_120109.jpg,,Pistachio
train,Pistachio/IMG_20241215_120149.jpg,,Pistachio
train,Pistachio/IMG_20241215_120225.jpg,,Pistachio
train,Pistachio/IMG_20241215_120245.jpg,,Pistachio
train,Pistachio/IMG_20241215_120302.jpg,,Pistachio
train,Pistachio/IMG_20241215_120314.jpg,,Pistachio
train,Pistachio/IMG_20241215_120611.jpg,,Pistachio
train,Pistachio/IMG_20241215_120658.jpg,,Pistachio
train,Pistachio/IMG_20241215_120716.jpg,,Pistachio
train,Pistachio/IMG_20241215_120837.jpg,,Pistachio
train,Pistachio/IMG_20241215_120851.jpg,,Pistachio
train,Pistachio/IMG_20241215_120918.jpg,,Pistachio
train,Pistachio/IMG_20241215_121030.jpg,,Pistachio
train,Pistachio/IMG_20241215_121040.jpg,,Pistachio
train,Pistachio/IMG_20241215_121059.jpg,,Pistachio
train,Pistachio/IMG_20241215_121121.jpg,,Pistachio
train,Pistachio/IMG_20241215_121131.jpg,,Pistachio
train,Pistachio/IMG_20241215_121146.jpg,,Pistachio
train,Pistachio/IMG_20241215_121203.jpg,,Pistachio
train,Pistachio/IMG_20241215_121213.jpg,,Pistachio
train,Pistachio/IMG_20241215_121224.jpg,,Pistachio
train,Pistachio/IMG_20241215_121235.jpg,,Pistachio
train,Pistachio/IMG_20241215_121246.jpg,,Pistachio
train,Pistachio/IMG_20241215_122037.jpg,,Pistachio
train,Pistachio/IMG_20241215_122057.jpg,,Pistachio
train,Pistachio/IMG_20241215_122108.jpg,,Pistachio
train,Pistachio/IMG_20241215_122118.jpg,,Pistachio
train,Pistachio/IMG_20241215_122127.jpg,,Pistachio
train,Pistachio/IMG_20241215_122141.jpg,,Pistachio
train,Pistachio/IMG_20241215_122157.jpg,,Pistachio
train,Pistachio/IMG_20241215_122215.jpg,,Pistachio
train,Pistachio/IMG_20241215_122232.jpg,,Pistachio
train,Pistachio/IMG_20241215_122254.jpg,,Pistachio
train,Pistachio/IMG_20241215_122306.jpg,,Pistachio
train,Pistachio/IMG_20241215_122335.jpg,,Pistachio
train,Pistachio/IMG_20241215_122345.jpg,,Pistachio
train,Pistachio/IMG_20241215_122414.jpg,,Pistachio
train,Pistachio/IMG_20241215_122430.jpg,,Pistachio
train,Pistachio/IMG_20241215_122452.jpg,,Pistachio
train,Pistachio/IMG_20241215_122541.jpg,,Pistachio
train,Pistachio/IMG_20241215_122551.jpg,,Pistachio
train,Pistachio/IMG_20241215_122611.jpg,,Pistachio
train,Pistachio/IMG_20241215_122619.jpg,,Pistachio
train,Pistachio/IMG_20241215_122639.jpg,,Pistachio
train,Pistachio/IMG_20241215_122659.jpg,,Pistachio
train,Pistachio/IMG_20241215_122722.jpg,,Pistachio
train,Pistachio/IMG_20241215_122736.jpg,,Pistachio
train,Pistachio/IMG_20241215_122754.jpg,,Pistachio
train,Pistachio/IMG_20241215_122805.jpg,,Pistachio
train,Pistachio/IMG_20241215_122820.jpg,,Pistachio
train,Pistachio/IMG_20241215_122900.jpg,,Pistachio
train,Pistachio/IMG_20241215_122915.jpg,,Pistachio
train,Pistachio/IMG_20241215_122956.jpg,,Pistachio
train,Pistachio/IMG_20241215_123008.jpg,,Pistachio
train,Pistachio/IMG_20241215_123050.jpg,,Pistachio
train,Pistachio/IMG_20241215_123059.jpg,,Pistachio
train,Pistachio/IMG_20241215_123112.jpg,,Pistachio
train,Pistachio/IMG_20241215_123144.jpg,,Pistachio
train,Pistachio/IMG_20241215_123221.jpg,,Pistachio
train,Pistachio/IMG_20241215_123233.jpg,,Pistachio
train,Pistachio/IMG_20241215_123246.jpg,,Pistachio
train,Pistachio/IMG_20241215_123300.jpg,,Pistachio
train,Pistachio/IMG_20241215_123359.jpg,,Pistachio
train,Pistachio/IMG_20241215_123419.jpg,,Pistachio
train,Pistachio/IMG_20241215_123430.jpg,,Pistachio
train,Pistachio/IMG_20241215_123442.jpg,,Pistachio
train,Pistachio/IMG_20241215_123458.jpg,,Pistachio
train,Pistachio/IMG_20241215_123533.jpg,,Pistachio
train,Pistachio/IMG_20241215_123547.jpg,,Pistachio
train,Pistachio/IMG_20241215_123559.jpg,,Pistachio
train,Pistachio/IMG_20241215_123623.jpg,,Pistachio
train,Pistachio/IMG_20241215_123749.jpg,,Pistachio
train,Pistachio/IMG_20241215_123758.jpg,,Pistachio
train,Pistachio/IMG_20241215_123809.jpg,,Pistachio
train,Pistachio/IMG_20241215_123819.jpg,,Pistachio
train,Pistachio/IMG_20241215_123902.jpg,,Pistachio
train,Pistachio/IMG_20241215_123928.jpg,,Pistachio
train,Pistachio/IMG_20241215_123940.jpg,,Pistachio
train,Pistachio/IMG_20241215_124137.jpg,,Pistachio
train,Pistachio/IMG_20241215_124157.jpg,,Pistachio
train,Pistachio/IMG_20241215_124206.jpg,,Pistachio
train,Pistachio/IMG_20241215_124222.jpg,,Pistachio
train,Pistachio/IMG_20241215_124244.jpg,,Pistachio
train,Pistachio/IMG_20241215_124254_1.jpg,,Pistachio
train,Pistachio/IMG_20241215_124322.jpg,,Pistachio
train,Thai Peanut/IMG_20241201_114307.jpg,,Thai Peanut
train,Thai Peanut/IMG_20241201_114321.jpg,,Thai Peanut
train,Thai Peanut/IMG_20241201_114409.jpg,,Thai Peanut
train,Thai Peanut/IMG_20241201_114424.jpg,,Thai Peanut
train,Thai Peanut/IMG_20241201_114517.jpg,,Thai Peanut
train,Thai Peanut/IMG_20241201_114551.jpg,,Thai Peanut
train,Thai Peanut/IMG_20241201_114712.jpg,,Thai Peanut
train,Thai Peanut/IMG_20241201_114728.jpg,,Thai Peanut
train,Thai Peanut/IMG_20241201_114747.jpg,,Thai Peanut
train,Thai Peanut/IMG_20241201_114859.jpg,,Thai Peanut
train,Thai Peanut/IMG_20241201_115042.jpg,,Thai Peanut
train,Thai Peanut/IMG_20241201_115507.jpg,,Thai Peanut
train,Thai Peanut/IMG_20241201_115523.jpg,,Thai Peanut
train,Thai Peanut/IMG_20241201_115622.jpg,,Thai Peanut
train,Thai Peanut/IMG_20241201_115645.jpg,,Thai Peanut
train,Thai Peanut/IMG_20241201_115812.jpg,,Thai Peanut
train,Thai Peanut/IMG_20241201_115851.jpg,,Thai Peanut
train,Thai Peanut/IMG_20241201_120117.jpg,,Thai Peanut
train,Thai Peanut/IMG_20241201_120129.jpg,,Thai Peanut
train,Thai Peanut/IMG_20241201_120216.jpg,,Thai Peanut
train,Thai Peanut/IMG_20241201_120232.jpg,,Thai Peanut
train,Thai Peanut/IMG_20241201_120340.jpg,,Thai Peanut
train,Thai Peanut/IMG_20241201_120353.jpg,,Thai Peanut
train,Thai Peanut/IMG_20241201_120432.jpg,,Thai Peanut
train,Thai Peanut/IMG_20241201_120444.jpg,,Thai Peanut
train,Thai Peanut/IMG_20241201_120505.jpg,,Thai Peanut
train,Thai Peanut/IMG_20241201_120542.jpg,,Thai Peanut
train,Thai Peanut/IMG_20241201_120641.jpg,,Thai Peanut
train,Thai Peanut/IMG_20241201_120653.jpg,,Thai Peanut
train,Thai Peanut/IMG_20241201_120801.jpg,,Thai Peanut
train,Thai Peanut/IMG_20241215_105104.jpg,,Thai Peanut
train,Thai Peanut/IMG_20241215_105205.jpg,,Thai Peanut
train,Thai Peanut/IMG_20241215_105242.jpg,,Thai Peanut
train,Thai Peanut/IMG_20241215_105344.jpg,,Thai Peanut
train,Thai Peanut/IMG_20241215_105403.jpg,,Thai Peanut
train,Thai Peanut/IMG_20241215_105557.jpg,,Thai Peanut
train,Thai Peanut/IMG_20241215_105843.jpg,,Thai Peanut
train,Thai Peanut/IMG_20241215_105921.jpg,,Thai Peanut
train,Thai Peanut/IMG_20241215_105958.jpg,,Thai Peanut
train,Thai Peanut/IMG_20241215_110027.jpg,,Thai Peanut
train,Thai Peanut/IMG_20241215_110038.jpg,,Thai Peanut
train,Thai Peanut/IMG_20241215_110103_1.jpg,,Thai Peanut
train,Thai Peanut/IMG_20241215_110127.jpg,,Thai Peanut
train,Thai Peanut/IMG_20241215_110307.jpg,,Thai Peanut
train,Thai Peanut/IMG_20241215_110754_1.jpg,,Thai Peanut
train,Thai Peanut/IMG_20241215_111042.jpg,,Thai Peanut
train,Thai Peanut/IMG_20241215_111437.jpg,,Thai Peanut
train,Thai Peanut/IMG_20241215_111521.jpg,,Thai Peanut
train,Thai Peanut/IMG_20241215_111555.jpg,,Thai Peanut
train,Thai Peanut/IMG_20241215_111623.jpg,,Thai Peanut
train,Thai Peanut/IMG_20241215_111832.jpg,,Thai Peanut
train,Thai Peanut/IMG_20241215_111841.jpg,,Thai Peanut
train,Thai Peanut/IMG_20241215_120550.jpg,,Thai Peanut
train,Thai Peanut/IMG_20241215_120608.jpg,,Thai Peanut
train,Thai Peanut/IMG_20241215_120923.jpg,,Thai Peanut
train,Thai Peanut/IMG_20241215_121110_1.jpg,,Thai Peanut
train,Thai Peanut/IMG_20241215_121155_1.jpg,,Thai Peanut
train,Thai Peanut/IMG_20241215_121215.jpg,,Thai Peanut
train,Thai Peanut/IMG_20241215_121222.jpg,,Thai Peanut
train,Thai Peanut/IMG_20241215_121244.jpg,,Thai Peanut
train,Thai Peanut/IMG_20241215_121251_1.jpg,,Thai Peanut
train,Thai Peanut/IMG_20241215_121324.jpg,,Thai Peanut
train,Thai Peanut/IMG_20241215_121334.jpg,,Thai Peanut
train,Thai Peanut/IMG_20241215_121357.jpg,,Thai Peanut
train,Thai Peanut/IMG_20241215_121434_1.jpg,,Thai Peanut
train,Thai Peanut/IMG_20241215_121441.jpg,,Thai Peanut
train,Thai Peanut/IMG_20241215_121527.jpg,,Thai Peanut
train,Thai Peanut/IMG_20241215_121640.jpg,,Thai Peanut
train,Thai Peanut/IMG_20241215_121715.jpg,,Thai Peanut
train,Thai Peanut/IMG_20241215_121725_1.jpg,,Thai Peanut
train,Thai Peanut/IMG_20241215_121837_1.jpg,,Thai Peanut
train,Thai Peanut/IMG_20241215_121848_1.jpg,,Thai Peanut
train,Thai Peanut/IMG_20241215_121911.jpg,,Thai Peanut
train,Thai Peanut/IMG_20241215_121942.jpg,,Thai Peanut
train,Thai Peanut/IMG_20241215_122027.jpg,,Thai Peanut
train,Thai Peanut/IMG_20241215_122208.jpg,,Thai Peanut
train,Thai Peanut/IMG_20241215_122238_1.jpg,,Thai Peanut
train,Thai Peanut/IMG_20241215_122333_1.jpg,,Thai Peanut
train,Thai Peanut/IMG_20241215_122533.jpg,,Thai Peanut
train,Thai Peanut/IMG_20241215_122618.jpg,,Thai Peanut
train,Thai Peanut/IMG_20241215_122643.jpg,,Thai Peanut
train,Thai Peanut/IMG_20241215_122716_1.jpg,,Thai Peanut
train,Thai Peanut/IMG_20241215_122734_1.jpg,,Thai Peanut
train,Thai Peanut/IMG_20241215_122813.jpg,,Thai Peanut
train,Thai Peanut/IMG_20241215_122857.jpg,,Thai Peanut
train,Thai Peanut/IMG_20241215_122909.jpg,,Thai Peanut
train,Thai Peanut/IMG_20241215_122931.jpg,,Thai Peanut
train,Thai Peanut/IMG_20241215_122940_1.jpg,,Thai Peanut
train,Thai Peanut/IMG_20241215_123025_1.jpg,,Thai Peanut
train,Thai Peanut/IMG_20241215_123037.jpg,,Thai Peanut
train,Thai Peanut/IMG_20241215_123124.jpg,,Thai Peanut
train,Thai Peanut/IMG_20241215_123142.jpg,,Thai Peanut
train,Thai Peanut/IMG_20241215_123152.jpg,,Thai Peanut
train,Thai Peanut/IMG_20241215_123435.jpg,,Thai Peanut
train,Thai Peanut/IMG_20241215_123500.jpg,,Thai Peanut
train,Thai Peanut/IMG_20241215_123545_1.jpg,,Thai Peanut
train,Thai Peanut/IMG_20241215_123610.jpg,,Thai Peanut
train,Thai Peanut/IMG_20241215_123623.jpg,,Thai Peanut
train,Thai Peanut/IMG_20241215_123648.jpg,,Thai Peanut
train,Thai Peanut/IMG_20241215_123716.jpg,,Thai Peanut
train,Thai Peanut/IMG_20241215_123726.jpg,,Thai Peanut
train,Thai Peanut/IMG_20241215_123806.jpg,,Thai Peanut
train,Thai Peanut/IMG_20241215_123826.jpg,,Thai Peanut
train,Thai Peanut/IMG_20241215_123838_1.jpg,,Thai Peanut
train,Thai Peanut/IMG_20241215_123913.jpg,,Thai Peanut
train,Thai Peanut/IMG_20241215_123933.jpg,,Thai Peanut
train,Thai Peanut/IMG_20241215_124158.jpg,,Thai Peanut
train,Thai Peanut/IMG_20241215_124210.jpg,,Thai Peanut
train,Vietnamian Cashew/20241217_110832.jpg,,Vietnamian Cashew
train,Vietnamian Cashew/20241217_111407.jpg,,Vietnamian Cashew
train,Vietnamian Cashew/20241217_111828.jpg,,Vietnamian Cashew
train,Vietnamian Cashew/20241217_111948.jpg,,Vietnamian Cashew
train,Vietnamian Cashew/20241217_112116.jpg,,Vietnamian Cashew
train,Vietnamian Cashew/20241217_112336.jpg,,Vietnamian Cashew
train,Vietnamian Cashew/20241217_112633.jpg,,Vietnamian Cashew
train,Vietnamian Cashew/20241217_112853.jpg,,Vietnamian Cashew
train,Vietnamian Cashew/20241217_113413.jpg,,Vietnamian Cashew
train,Vietnamian Cashew/20241217_113431.jpg,,Vietnamian Cashew
train,Vietnamian Cashew/20241217_113549.jpg,,Vietnamian Cashew
train,Vietnamian Cashew/20241217_113617.jpg,,Vietnamian Cashew
train,Vietnamian Cashew/20241217_113648.jpg,,Vietnamian Cashew
train,Vietnamian Cashew/20241217_113658.jpg,,Vietnamian Cashew
train,Vietnamian Cashew/20241217_113719.jpg,,Vietnamian Cashew
train,Vietnamian Cashew/20241217_113730.jpg,,Vietnamian Cashew
train,Vietnamian Cashew/20241217_113753.jpg,,Vietnamian Cashew
train,Vietnamian Cashew/20241217_113925.jpg,,Vietnamian Cashew
train,Vietnamian Cashew/20241217_113958.jpg,,Vietnamian Cashew
train,Vietnamian Cashew/20241217_114126.jpg,,Vietnamian Cashew
train,Vietnamian Cashew/20241217_114222.jpg,,Vietnamian Cashew
train,Vietnamian Cashew/20241217_114302.jpg,,Vietnamian Cashew
train,Vietnamian Cashew/20241217_114321.jpg,,Vietnamian Cashew
train,Vietnamian Cashew/20241217_114417.jpg,,Vietnamian Cashew
train,Vietnamian Cashew/IMG_20241219_095612.jpg,,Vietnamian Cashew
train,Vietnamian Cashew/IMG_20241219_095628.jpg,,Vietnamian Cashew
train,Vietnamian Cashew/IMG_20241219_095641.jpg,,Vietnamian Cashew
train,Vietnamian Cashew/IMG_20241219_095721.jpg,,Vietnamian Cashew
train,Vietnamian Cashew/IMG_20241219_095731.jpg,,Vietnamian Cashew
train,Vietnamian Cashew/IMG_20241219_095744.jpg,,Vietnamian Cashew
train,Vietnamian Cashew/IMG_20241219_095754.jpg,,Vietnamian Cashew
train,Vietnamian Cashew/IMG_20241219_095807.jpg,,Vietnamian Cashew
train,Vietnamian Cashew/IMG_20241219_095814.jpg,,Vietnamian Cashew
train,Vietnamian Cashew/IMG_20241219_095954.jpg,,Vietnamian Cashew
train,Vietnamian Cashew/IMG_20241219_100016.jpg,,Vietnamian Cashew
train,Vietnamian Cashew/IMG_20241219_100255.jpg,,Vietnamian Cashew
train,Vietnamian Cashew/IMG_20241219_100308.jpg,,Vietnamian Cashew
train,Vietnamian Cashew/IMG_20241219_100415.jpg,,Vietnamian Cashew
train,Vietnamian Cashew/IMG_20241219_100752.jpg,,Vietnamian Cashew
train,Vietnamian Cashew/IMG_20241219_101019.jpg,,Vietnamian Cashew
train,Vietnamian Cashew/IMG_20241219_101031.jpg,,Vietnamian Cashew
train,Vietnamian Cashew/IMG_20241219_101229.jpg,,Vietnamian Cashew
train,Vietnamian Cashew/IMG_20241219_101242.jpg,,Vietnamian Cashew
train,Vietnamian Cashew/IMG_20241219_101255.jpg,,Vietnamian Cashew
train,Vietnamian Cashew/IMG_20241219_101318.jpg,,Vietnamian Cashew
train,Vietnamian Cashew/IMG_20241219_101358.jpg,,Vietnamian Cashew
train,Vietnamian Cashew/IMG_20241219_101518.jpg,,Vietnamian Cashew
train,Vietnamian Cashew/IMG_20241219_101539.jpg,,Vietnamian Cashew
train,Vietnamian Cashew/IMG_20241219_101555.jpg,,Vietnamian Cashew
train,Vietnamian Cashew/IMG_20241219_101605.jpg,,Vietnamian Cashew
train,Vietnamian Cashew/IMG_20241219_101703.jpg,,Vietnamian Cashew
train,Vietnamian Cashew/IMG_20241219_101732.jpg,,Vietnamian Cashew
train,Vietnamian Cashew/IMG_20241219_101744.jpg,,Vietnamian Cashew
train,Vietnamian Cashew/IMG_20241219_101830.jpg,,Vietnamian Cashew
train,Vietnamian Cashew/IMG_20241219_101844.jpg,,Vietnamian Cashew
train,Vietnamian Cashew/IMG_20241219_101910.jpg,,Vietnamian Cashew
train,Vietnamian Cashew/IMG_20241219_101923.jpg,,Vietnamian Cashew
train,Vietnamian Cashew/IMG_20241219_102009.jpg,,Vietnamian Cashew
train,Vietnamian Cashew/IMG_20241219_102028.jpg,,Vietnamian Cashew
train,Vietnamian Cashew/IMG_20241219_102136.jpg,,Vietnamian Cashew
train,Vietnamian Cashew/IMG_20241219_102148.jpg,,Vietnamian Cashew
train,Vietnamian Cashew/IMG_20241219_102231.jpg,,Vietnamian Cashew
train,Vietnamian Cashew/IMG_20241219_102258.jpg,,Vietnamian Cashew
train,Vietnamian Cashew/IMG_20241219_102358.jpg,,Vietnamian Cashew
train,Vietnamian Cashew/IMG_20241219_102413.jpg,,Vietnamian Cashew
train,Vietnamian Cashew/IMG_20241219_102437.jpg,,Vietnamian Cashew
train,Vietnamian Cashew/IMG_20241219_102447.jpg,,Vietnamian Cashew
train,Vietnamian Cashew/IMG_20241219_102840.jpg,,Vietnamian Cashew
train,Vietnamian Cashew/IMG_20241219_102851.jpg,,Vietnamian Cashew
train,Vietnamian Cashew/IMG_20241219_103202.jpg,,Vietnamian Cashew
train,Vietnamian Cashew/IMG_20241219_103222.jpg,,Vietnamian Cashew
train,Vietnamian Cashew/IMG_20241219_103242.jpg,,Vietnamian Cashew
train,Vietnamian Cashew/IMG_20241219_103307.jpg,,Vietnamian Cashew
train,Vietnamian Cashew/IMG_20241219_103355.jpg,,Vietnamian Cashew
train,Vietnamian Cashew/IMG_20241219_103408.jpg,,Vietnamian Cashew
train,Vietnamian Cashew/IMG_20241219_103436.jpg,,Vietnamian Cashew
train,Vietnamian Cashew/IMG_20241219_103534.jpg,,Vietnamian Cashew
train,Vietnamian Cashew/IMG_20241219_103613.jpg,,Vietnamian Cashew
train,Vietnamian Cashew/IMG_20241219_103623.jpg,,Vietnamian Cashew
train,Vietnamian Cashew/IMG_20241219_103646.jpg,,Vietnamian Cashew
train,Vietnamian Cashew/IMG_20241219_103727.jpg,,Vietnamian Cashew
train,Vietnamian Cashew/IMG_20241219_103742.jpg,,Vietnamian Cashew
train,Vietnamian Cashew/IMG_20241219_103825.jpg,,Vietnamian Cashew
train,Vietnamian Cashew/IMG_20241219_103837.jpg,,Vietnamian Cashew
train,Vietnamian Cashew/IMG_20241219_103853.jpg,,Vietnamian Cashew
train,Vietnamian Cashew/IMG_20241219_103935.jpg,,Vietnamian Cashew
train,Vietnamian Cashew/IMG_20241219_103957.jpg,,Vietnamian Cashew
train,Vietnamian Cashew/IMG_20241219_104011.jpg,,Vietnamian Cashew
train,Vietnamian Cashew/IMG_20241219_104119.jpg,,Vietnamian Cashew
train,Vietnamian Cashew/IMG_20241219_104131.jpg,,Vietnamian Cashew
train,Vietnamian Cashew/IMG_20241219_104236.jpg,,Vietnamian Cashew
train,Vietnamian Cashew/IMG_20241219_104246.jpg,,Vietnamian Cashew
train,Walnuts/20241215_111446.jpg,,Walnuts
train,Walnuts/20241215_111546.jpg,,Walnuts
train,Walnuts/20241215_111554.jpg,,Walnuts
train,Walnuts/20241215_111633.jpg,,Walnuts
train,Walnuts/20241215_111639.jpg,,Walnuts
train,Walnuts/20241215_112128.jpg,,Walnuts
train,Walnuts/20241215_112136.jpg,,Walnuts
train,Walnuts/20241215_112204.jpg,,Walnuts
train,Walnuts/20241215_112246.jpg,,Walnuts
train,Walnuts/20241215_112350.jpg,,Walnuts
train,Walnuts/20241215_112400.jpg,,Walnuts
train,Walnuts/20241215_112503.jpg,,Walnuts
train,Walnuts/20241215_112525.jpg,,Walnuts
train,Walnuts/20241215_112948.jpg,,Walnuts
train,Walnuts/20241215_113002.jpg,,Walnuts
train,Walnuts/20241215_113231.jpg,,Walnuts
train,Walnuts/20241215_113311.jpg,,Walnuts
train,Walnuts/20241215_113503.jpg,,Walnuts
train,Walnuts/20241215_113521.jpg,,Walnuts
train,Walnuts/20241215_113532.jpg,,Walnuts
train,Walnuts/20241215_113643.jpg,,Walnuts
train,Walnuts/20241215_113708.jpg,,Walnuts
train,Walnuts/20241215_113730.jpg,,Walnuts
train,Walnuts/20241215_113742.jpg,,Walnuts
train,Walnuts/20241215_113947.jpg,,Walnuts
train,Walnuts/20241215_113957.jpg,,Walnuts
train,Walnuts/20241215_114013.jpg,,Walnuts
train,Walnuts/20241215_114032.jpg,,Walnuts
train,Walnuts/20241215_114120.jpg,,Walnuts
train,Walnuts/20241215_114129.jpg,,Walnuts
train,Walnuts/20241215_114155.jpg,,Walnuts
train,Walnuts/20241215_114311.jpg,,Walnuts
train,Walnuts/20241215_114320.jpg,,Walnuts
train,Walnuts/20241215_114328.jpg,,Walnuts
train,Walnuts/20241215_114339.jpg,,Walnuts
train,Walnuts/20241215_114345.jpg,,Walnuts
train,Walnuts/20241215_114418.jpg,,Walnuts
train,Walnuts/20241215_114517.jpg,,Walnuts
train,Walnuts/20241215_114529.jpg,,Walnuts
train,Walnuts/20241215_114540.jpg,,Walnuts
train,Walnuts/20241215_120013.jpg,,Walnuts
train,Walnuts/20241215_120024.jpg,,Walnuts
train,Walnuts/20241215_120114.jpg,,Walnuts
train,Walnuts/20241215_120138.jpg,,Walnuts
train,Walnuts/20241215_120220.jpg,,Walnuts
train,Walnuts/20241215_120238.jpg,,Walnuts
train,Walnuts/20241215_120326.jpg,,Walnuts
train,Walnuts/20241215_120427.jpg,,Walnuts
train,Walnuts/20241215_120439.jpg,,Walnuts
train,Walnuts/20241215_120448.jpg,,Walnuts
train,Walnuts/20241215_120521.jpg,,Walnuts
train,Walnuts/20241215_120535.jpg,,Walnuts
train,Walnuts/20241215_120544.jpg,,Walnuts
train,Walnuts/20241215_120701.jpg,,Walnuts
train,Walnuts/20241215_120714.jpg,,Walnuts
train,Walnuts/20241215_120729.jpg,,Walnuts
train,Walnuts/20241215_120911.jpg,,Walnuts
train,Walnuts/20241215_120924.jpg,,Walnuts
train,Walnuts/20241215_121018.jpg,,Walnuts
train,Walnuts/20241215_121040.jpg,,Walnuts
train,Walnuts/20241215_121236.jpg,,Walnuts
train,Walnuts/20241215_121305.jpg,,Walnuts
train,Walnuts/20241215_121412.jpg,,Walnuts
train,Walnuts/20241215_121439.jpg,,Walnuts
train,Walnuts/20241215_121525.jpg,,Walnuts
train,Walnuts/20241215_121602.jpg,,Walnuts
train,Walnuts/20241215_122143.jpg,,Walnuts
train,Walnuts/20241215_122239.jpg,,Walnuts
train,Walnuts/20241215_122346.jpg,,Walnuts
train,Walnuts/20241215_122412.jpg,,Walnuts
train,Walnuts/20241215_122509.jpg,,Walnuts
train,Walnuts/20241215_122643.jpg,,Walnuts
train,Walnuts/20241215_122755.jpg,,Walnuts
train,Walnuts/20241215_122807.jpg,,Walnuts
train,Walnuts/20241215_122829.jpg,,Walnuts
train,Walnuts/20241215_122837.jpg,,Walnuts
train,Walnuts/20241215_122857.jpg,,Walnuts
train,Walnuts/20241215_122913.jpg,,Walnuts
train,Walnuts/20241215_122933.jpg,,Walnuts
train,Walnuts/20241215_123006.jpg,,Walnuts
train,Walnuts/20241215_123016.jpg,,Walnuts
train,Walnuts/20241215_123119.jpg,,Walnuts
train,Walnuts/20241215_123143.jpg,,Walnuts
train,Walnuts/20241215_123157.jpg,,Walnuts
train,Walnuts/20241215_123215.jpg,,Walnuts
train,Walnuts/20241215_123513.jpg,,Walnuts
train,Walnuts/20241215_123531.jpg,,Walnuts
train,Walnuts/20241215_123610.jpg,,Walnuts
train,Walnuts/20241215_123645.jpg,,Walnuts
train,Walnuts/20241215_123710.jpg,,Walnuts
train,Walnuts/20241215_123739.jpg,,Walnuts
train,Walnuts/20241215_123820.jpg,,Walnuts
train,Walnuts/20241215_123853.jpg,,Walnuts
test,Almond/IMG_20241201_103326.jpg,,Almond
test,Almond/IMG_20241201_104226.jpg,,Almond
test,Almond/IMG_20241201_104615.jpg,,Almond
test,Almond/IMG_20241201_104626.jpg,,Almond
test,Almond/IMG_20241201_105000.jpg,,Almond
test,Almond/IMG_20241201_105738.jpg,,Almond
test,Almond/IMG_20241201_110307.jpg,,Almond
test,Almond/IMG_20241201_110407.jpg,,Almond
test,Almond/IMG_20241201_110713.jpg,,Almond
test,Almond/IMG_20241201_110733.jpg,,Almond
test,Almond/IMG_20241201_110840.jpg,,Almond
test,Almond/IMG_20241201_111555.jpg,,Almond
test,Almond/IMG_20241201_111738.jpg,,Almond
test,Almond/IMG_20241201_112233.jpg,,Almond
test,Almond/IMG_20241201_112357.jpg,,Almond
test,Almond/IMG_8920.JPG,,Almond
test,Almond/IMG_8922.JPG,,Almond
test,Almond/IMG_8928.JPG,,Almond
test,Almond/IMG_8945.JPG,,Almond
test,Almond/IMG_8956.JPG,,Almond
test,Almond/IMG_8966.JPG,,Almond
test,Almond/IMG_9081.JPG,,Almond
test,Almond/IMG_9083.JPG,,Almond
test,Almond/IMG_9088.JPG,,Almond
test,Almond/IMG_9089.JPG,,Almond
test,Almond/IMG_9093.JPG,,Almond
test,Almond/IMG_9094.JPG,,Almond
test,Almond/IMG_9095.JPG,,Almond
test,Almond/IMG_9103.JPG,,Almond
test,Almond/IMG_9107.JPG,,Almond
test,Almond/IMG_9125.JPG,,Almond
test,Almond/IMG_9133.JPG,,Almond
test,Almond/IMG_9134.JPG,,Almond
test,Almond/IMG_9139.JPG,,Almond
test,Almond/WhatsApp Image 2024-11-30 at 21.05.14_0509c9a6.jpg,,Almond
test,Almond/WhatsApp Image 2024-11-30 at 21.05.14_b4e3d59f.jpg,,Almond
test,Almond/WhatsApp Image 2024-11-30 at 21.05.18_85b8c69e.jpg,,Almond
test,Brazil Nuts/20241215_104548.jpg,,Brazil Nuts
test,Brazil Nuts/20241215_104644.jpg,,Brazil Nuts
test,Brazil Nuts/20241215_104946.jpg,,Brazil Nuts
test,Brazil Nuts/20241215_105127.jpg,,Brazil Nuts
test,Brazil Nuts/20241215_110954.jpg,,Brazil Nuts
test,Brazil Nuts/20241219_100819.jpg,,Brazil Nuts
test,Brazil Nuts/20241219_101107.jpg,,Brazil Nuts
test,Brazil Nuts/20241219_101222.jpg,,Brazil Nuts
test,Brazil Nuts/20241219_102022.jpg,,Brazil Nuts
test,Brazil Nuts/20241219_102343.jpg,,Brazil Nuts
test,Brazil Nuts/20241219_102655.jpg,,Brazil Nuts
test,Brazil Nuts/20241219_102715.jpg,,Brazil Nuts
test,Brazil Nuts/20241219_102749.jpg,,Brazil Nuts
test,Brazil Nuts/20241219_102900.jpg,,Brazil Nuts
test,Brazil Nuts/20241219_103257.jpg,,Brazil Nuts
test,Brazil Nuts/20241219_103504.jpg,,Brazil Nuts
test,Brazil Nuts/20241219_103641.jpg,,Brazil Nuts
test,Brazil Nuts/20241219_103855.jpg,,Brazil Nuts
test,Brazil Nuts/20241219_104721.jpg,,Brazil Nuts
test,Brazil Nuts/20241219_104842.jpg,,Brazil Nuts
test,Brazil Nuts/20241219_105057.jpg,,Brazil Nuts
test,Brazil Nuts/20241219_105525.jpg,,Brazil Nuts
test,Brazil Nuts/20241219_105816.jpg,,Brazil Nuts
test,Brazil Nuts/20241219_110155.jpg,,Brazil Nuts
test,Brazil Nuts/20241219_110543.jpg,,Brazil Nuts
test,Brazil Nuts/20241219_110621.jpg,,Brazil Nuts
test,Brazil Nuts/20241219_110736.jpg,,Brazil Nuts
test,Brazil Nuts/20241219_110907.jpg,,Brazil Nuts
test,Brazil Nuts/20241219_111024.jpg,,Brazil Nuts
test,Cashew/1734591984747.jpg,,Cashew
test,Cashew/1734591984761.jpg,,Cashew
test,Cashew/1734591984880.jpg,,Cashew
test,Cashew/1734591984923.jpg,,Cashew
test,Cashew/1734591985180.jpg,,Cashew
test,Cashew/1734591985237.jpg,,Cashew
test,Cashew/1734591985288.jpg,,Cashew
test,Cashew/1734591985315.jpg,,Cashew
test,Cashew/1734591985447.jpg,,Cashew
test,Cashew/1734591985554.jpg,,Cashew
test,Cashew/1734591985673.jpg,,Cashew
test,Cashew/1734591985716.jpg,,Cashew
test,Cashew/1734591985769.jpg,,Cashew
test,Cashew/1734591985779.jpg,,Cashew
test,Cashew/1734591985866.jpg,,Cashew
test,Cashew/1734591985897.jpg,,Cashew
test,Cashew/20241219_111703.jpg,,Cashew
test,Cashew/20241219_111808.jpg,,Cashew
test,Cashew/20241219_112154.jpg,,Cashew
test,Cashew/20241219_112542.jpg,,Cashew
test,Cashew/20241219_112610.jpg,,Cashew
test,Cashew/20241219_112831.jpg,,Cashew
test,Cashew/20241219_112920.jpg,,Cashew
test,Cashew/20241219_113525.jpg,,Cashew
test,Cashew/20241219_113627.jpg,,Cashew
test,Cashew/20241219_114019.jpg,,Cashew
test,Cashew/20241219_114030.jpg,,Cashew
test,Cashew/20241219_114055.jpg,,Cashew
test,Cashew/IMG_20241219_111920.jpg,,Cashew
test,Cashew/IMG_20241219_111953.jpg,,Cashew
test,Cashew/IMG_20241219_112129.jpg,,Cashew
test,Cashew/IMG_20241219_112223.jpg,,Cashew
test,Cashew/IMG_20241219_112526.jpg,,Cashew
test,Cashew/IMG_20241219_112854.jpg,,Cashew
test,Cashew/IMG_20241219_112917.jpg,,Cashew
test,Cashew/IMG_20241219_113036.jpg,,Cashew
test,Cashew/IMG_20241219_113148.jpg,,Cashew
test,Cashew/IMG_20241219_113337.jpg,,Cashew
test,Cashew/IMG_20241219_113351.jpg,,Cashew
test,Cashew/IMG_20241219_113453.jpg,,Cashew
test,Cashew/IMG_20241219_113517.jpg,,Cashew
test,Cashew/IMG_20241219_113708.jpg,,Cashew
test,Cashew/IMG_20241219_113722.jpg,,Cashew
test,Cashew/IMG_20241219_114055.jpg,,Cashew
test,Cashew/IMG_20241219_114137.jpg,,Cashew
test,Cashew/IMG_20241219_114302.jpg,,Cashew
test,Cashew/IMG_20241219_114421.jpg,,Cashew
test,Cashew/IMG_20241219_114551.jpg,,Cashew
test,Hazelnuts/IMG_20241201_102529.jpg,,Hazelnuts
test,Hazelnuts/IMG_20241201_102700.jpg,,Hazelnuts
test,Hazelnuts/IMG_20241201_102748.jpg,,Hazelnuts
test,Hazelnuts/IMG_20241201_102910_1.jpg,,Hazelnuts
test,Hazelnuts/IMG_20241201_103504_1.jpg,,Hazelnuts
test,Hazelnuts/IMG_20241201_103732.jpg,,Hazelnuts
test,Hazelnuts/IMG_20241201_104247_1.jpg,,Hazelnuts
test,Hazelnuts/IMG_20241201_104300.jpg,,Hazelnuts
test,Hazelnuts/IMG_20241201_104427_1.jpg,,Hazelnuts
test,Hazelnuts/IMG_20241201_104501.jpg,,Hazelnuts
test,Hazelnuts/IMG_20241201_104527.jpg,,Hazelnuts
test,Hazelnuts/IMG_20241201_104534_1.jpg,,Hazelnuts
test,Hazelnuts/IMG_20241201_104901.jpg,,Hazelnuts
test,Hazelnuts/IMG_20241201_105045_1.jpg,,Hazelnuts
test,Hazelnuts/IMG_20241201_105056.jpg,,Hazelnuts
test,Hazelnuts/IMG_20241201_105327_1.jpg,,Hazelnuts
test,Hazelnuts/IMG_20241201_105723_1.jpg,,Hazelnuts
test,Hazelnuts/IMG_20241201_105802.jpg,,Hazelnuts
test,Hazelnuts/IMG_20241201_105849.jpg,,Hazelnuts
test,Hazelnuts/IMG_20241201_110055.jpg,,Hazelnuts
test,Hazelnuts/IMG_20241201_110135.jpg,,Hazelnuts
test,Hazelnuts/IMG_20241201_110250_1.jpg,,Hazelnuts
test,Hazelnuts/IMG_20241201_110508.jpg,,Hazelnuts
test,Hazelnuts/IMG_20241201_110543.jpg,,Hazelnuts
test,Hazelnuts/IMG_20241201_110746_1.jpg,,Hazelnuts
test,Hazelnuts/IMG_20241201_110850.jpg,,Hazelnuts
test,Hazelnuts/IMG_20241201_111319.jpg,,Hazelnuts
test,Hazelnuts/IMG_20241201_111330_1.jpg,,Hazelnuts
test,Hazelnuts/IMG_20241201_111430.jpg,,Hazelnuts
test,Hazelnuts/IMG_20241201_111539.jpg,,Hazelnuts
test,Hazelnuts/IMG_20241201_112002.jpg,,Hazelnuts
test,Hazelnuts/IMG_20241201_112134.jpg,,Hazelnuts
test,Hazelnuts/IMG_20241201_112833.jpg,,Hazelnuts
test,Hazelnuts/IMG_20241201_113039.jpg,,Hazelnuts
test,Macademia/1734591799171.jpg,,Macademia
test,Macademia/1734591799267.jpg,,Macademia
test,Macademia/1734591799304.jpg,,Macademia
test,Macademia/1734591799336.jpg,,Macademia
test,Macademia/1734591799361.jpg,,Macademia
test,Macademia/1734591799369.jpg,,Macademia
test,Macademia/1734591799384.jpg,,Macademia
test,Macademia/1734591799391.jpg,,Macademia
test,Macademia/1734591799488.jpg,,Macademia
test,Macademia/1734591799503.jpg,,Macademia
test,Macademia/1734591799528.jpg,,Macademia
test,Macademia/1734591799567.jpg,,Macademia
test,Macademia/1734591799586.jpg,,Macademia
test,Macademia/1734591799601.jpg,,Macademia
test,Macademia/1734591799718.jpg,,Macademia
test,Macademia/1734591799725.jpg,,Macademia
test,Macademia/1734591799799.jpg,,Macademia
test,Macademia/1734591799845.jpg,,Macademia
test,Macademia/1734591799907.jpg,,Macademia
test,Macademia/1734591799946.jpg,,Macademia
test,Peanut/1734590579032.jpg,,Peanut
test,Peanut/1734590991622.jpg,,Peanut
test,Peanut/1734590991685.jpg,,Peanut
test,Peanut/1734590991728.jpg,,Peanut
test,Peanut/1734590991774.jpg,,Peanut
test,Peanut/1734590991795.jpg,,Peanut
test,Peanut/1734590991855.jpg,,Peanut
test,Peanut/1734590991901.jpg,,Peanut
test,Peanut/1734590991946.jpg,,Peanut
test,Peanut/1734590992048.jpg,,Peanut
test,Peanut/1734590992075.jpg,,Peanut
test,Peanut/1734590992133.jpg,,Peanut
test,Peanut/1734590992144.jpg,,Peanut
test,Peanut/1734590992201.jpg,,Peanut
test,Peanut/1734590992267.jpg,,Peanut
test,Peanut/1734590992300.jpg,,Peanut
test,Peanut/1734590992357.jpg,,Peanut
test,Peanut/1734590992368.jpg,,Peanut
test,Peanut/1734590992410.jpg,,Peanut
test,Peanut/1734590992463.jpg,,Peanut
test,Peanut/1734590992497.jpg,,Peanut
test,Peanut/1734590992533.jpg,,Peanut
test,Peanut/1734590992679.jpg,,Peanut
test,Peanut/1734590992714.jpg,,Peanut
test,Peanut/1734590992746.jpg,,Peanut
test,Peanut/1734590992803.jpg,,Peanut
test,Peanut/1734590992926.jpg,,Peanut
test,Peanut/20241217_114858.jpg,,Peanut
test,Peanut/20241217_115507.jpg,,Peanut
test,Peanut/20241217_115604.jpg,,Peanut
test,Peanut/20241217_115751.jpg,,Peanut
test,Peanut/IMG_20241217_111023.jpg,,Peanut
test,Peanut/IMG_20241217_111145.jpg,,Peanut
test,Peanut/IMG_20241217_111311.jpg,,Peanut
test,Peanut/IMG_20241217_111535.jpg,,Peanut
test,Peanut/IMG_20241217_111630.jpg,,Peanut
test,Peanut/IMG_20241217_113754.jpg,,Peanut
test,Peanut/IMG_20241217_113919.jpg,,Peanut
test,Peanut/IMG_20241217_114157.jpg,,Peanut
test,Peanut/IMG_20241217_114815.jpg,,Peanut
test,Peanut/IMG_20241217_115115.jpg,,Peanut
test,Peanut/IMG_20241217_115327_1.jpg,,Peanut
test,Peanut/IMG_20241217_115612.jpg,,Peanut
test,Peanut/IMG_20241217_115618.jpg,,Peanut
test,Peanut/IMG_20241217_115651_1.jpg,,Peanut
test,Peanut/IMG_20241217_115712.jpg,,Peanut
test,Peanut/IMG_20241217_115719_1.jpg,,Peanut
test,Peanut/IMG_20241217_115920.jpg,,Peanut
test,Peanut/IMG_20241217_115940.jpg,,Peanut
test,Pistachio/IMG_20241201_114251.jpg,,Pistachio
test,Pistachio/IMG_20241201_114402_1.jpg,,Pistachio
test,Pistachio/IMG_20241201_114503.jpg,,Pistachio
test,Pistachio/IMG_20241201_114610_1.jpg,,Pistachio
test,Pistachio/IMG_20241201_114841_1.jpg,,Pistachio
test,Pistachio/IMG_20241201_115023.jpg,,Pistachio
test,Pistachio/IMG_20241201_115046.jpg,,Pistachio
test,Pistachio/IMG_20241201_115413.jpg,,Pistachio
test,Pistachio/IMG_20241201_115421.jpg,,Pistachio
test,Pistachio/IMG_20241201_115534.jpg,,Pistachio
test,Pistachio/IMG_20241201_115739.jpg,,Pistachio
test,Pistachio/IMG_20241201_115746.jpg,,Pistachio
test,Pistachio/IMG_20241201_115805.jpg,,Pistachio
test,Pistachio/IMG_20241201_115821.jpg,,Pistachio
test,Pistachio/IMG_20241201_120508.jpg,,Pistachio
test,Pistachio/IMG_20241201_120538.jpg,,Pistachio
test,Pistachio/IMG_20241215_105316.jpg,,Pistachio
test,Pistachio/IMG_20241215_105448.jpg,,Pistachio
test,Pistachio/IMG_20241215_105517.jpg,,Pistachio
test,Pistachio/IMG_20241215_105956.jpg,,Pistachio
test,Pistachio/IMG_20241215_111251.jpg,,Pistachio
test,Pistachio/IMG_20241215_111519.jpg,,Pistachio
test,Pistachio/IMG_20241215_111911.jpg,,Pistachio
test,Pistachio/IMG_20241215_112036.jpg,,Pistachio
test,Pistachio/IMG_20241215_112138.jpg,,Pistachio
test,Pistachio/IMG_20241215_112438.jpg,,Pistachio
test,Pistachio/IMG_20241215_112547.jpg,,Pistachio
test,Pistachio/IMG_20241215_112655.jpg,,Pistachio
test,Pistachio/IMG_20241215_113513.jpg,,Pistachio
test,Pistachio/IMG_20241215_113522.jpg,,Pistachio
test,Pistachio/IMG_20241215_113629.jpg,,Pistachio
test,Pistachio/IMG_20241215_113956.jpg,,Pistachio
test,Pistachio/IMG_20241215_114044.jpg,,Pistachio
test,Pistachio/IMG_20241215_114322.jpg,,Pistachio
test,Pistachio/IMG_20241215_114349.jpg,,Pistachio
test,Pistachio/IMG_20241215_114429.jpg,,Pistachio
test,Pistachio/IMG_20241215_114709.jpg,,Pistachio
test,Pistachio/IMG_20241215_114725.jpg,,Pistachio
test,Pistachio/IMG_20241215_115434.jpg,,Pistachio
test,Pistachio/IMG_20241215_115517.jpg,,Pistachio
test,Pistachio/IMG_20241215_115807.jpg,,Pistachio
test,Pistachio/IMG_20241215_120033.jpg,,Pistachio
test,Pistachio/IMG_20241215_120059.jpg,,Pistachio
test,Pistachio/IMG_20241215_120212.jpg,,Pistachio
test,Pistachio/IMG_20241215_120729.jpg,,Pistachio
test,Pistachio/IMG_20241215_120818.jpg,,Pistachio
test,Pistachio/IMG_20241215_121051.jpg,,Pistachio
test,Pistachio/IMG_20241215_122402.jpg,,Pistachio
test,Pistachio/IMG_20241215_122847.jpg,,Pistachio
test,Pistachio/IMG_20241215_123135.jpg,,Pistachio
test,Pistachio/IMG_20241215_123209.jpg,,Pistachio
test,Pistachio/IMG_20241215_123329.jpg,,Pistachio
test,Pistachio/IMG_20241215_123346.jpg,,Pistachio
test,Pistachio/IMG_20241215_123411.jpg,,Pistachio
test,Pistachio/IMG_20241215_123508.jpg,,Pistachio
test,Pistachio/IMG_20241215_123523.jpg,,Pistachio
test,Pistachio/IMG_20241215_123613.jpg,,Pistachio
test,Pistachio/IMG_20241215_123728.jpg,,Pistachio
test,Pistachio/IMG_20241215_123851.jpg,,Pistachio
test,Pistachio/IMG_20241215_124329.jpg,,Pistachio
test,Thai Peanut/IMG_20241201_114505.jpg,,Thai Peanut
test,Thai Peanut/IMG_20241201_114606.jpg,,Thai Peanut
test,Thai Peanut/IMG_20241201_114657.jpg,,Thai Peanut
test,Thai Peanut/IMG_20241201_114921.jpg,,Thai Peanut
test,Thai Peanut/IMG_20241201_115056.jpg,,Thai Peanut
test,Thai Peanut/IMG_20241201_120724.jpg,,Thai Peanut
test,Thai Peanut/IMG_20241215_105258.jpg,,Thai Peanut
test,Thai Peanut/IMG_20241215_105637.jpg,,Thai Peanut
test,Thai Peanut/IMG_20241215_105730.jpg,,Thai Peanut
test,Thai Peanut/IMG_20241215_110231.jpg,,Thai Peanut
test,Thai Peanut/IMG_20241215_110428_1.jpg,,Thai Peanut
test,Thai Peanut/IMG_20241215_110534_1.jpg,,Thai Peanut
test,Thai Peanut/IMG_20241215_110609.jpg,,Thai Peanut
test,Thai Peanut/IMG_20241215_110623.jpg,,Thai Peanut
test,Thai Peanut/IMG_20241215_120931.jpg,,Thai Peanut
test,Thai Peanut/IMG_20241215_121411.jpg,,Thai Peanut
test,Thai Peanut/IMG_20241215_121508.jpg,,Thai Peanut
test,Thai Peanut/IMG_20241215_121652_1.jpg,,Thai Peanut
test,Thai Peanut/IMG_20241215_122114_1.jpg,,Thai Peanut
test,Thai Peanut/IMG_20241215_122145_1.jpg,,Thai Peanut
test,Thai Peanut/IMG_20241215_122248_1.jpg,,Thai Peanut
test,Thai Peanut/IMG_20241215_122343_1.jpg,,Thai Peanut
test,Thai Peanut/IMG_20241215_122652.jpg,,Thai Peanut
test,Thai Peanut/IMG_20241215_122836_1.jpg,,Thai Peanut
test,Thai Peanut/IMG_20241215_123110_1.jpg,,Thai Peanut
test,Thai Peanut/IMG_20241215_123522_1.jpg,,Thai Peanut
test,Thai Peanut/IMG_20241215_123700.jpg,,Thai Peanut
test,Thai Peanut/IMG_20241215_123754_1.jpg,,Thai Peanut
test,Vietnamian Cashew/20241217_111158.jpg,,Vietnamian Cashew
test,Vietnamian Cashew/20241217_111755.jpg,,Vietnamian Cashew
test,Vietnamian Cashew/20241217_111813.jpg,,Vietnamian Cashew
test,Vietnamian Cashew/20241217_112008.jpg,,Vietnamian Cashew
test,Vietnamian Cashew/20241217_112106.jpg,,Vietnamian Cashew
test,Vietnamian Cashew/20241217_112316.jpg,,Vietnamian Cashew
test,Vietnamian Cashew/20241217_112350.jpg,,Vietnamian Cashew
test,Vietnamian Cashew/20241217_112723.jpg,,Vietnamian Cashew
test,Vietnamian Cashew/20241217_112821.jpg,,Vietnamian Cashew
test,Vietnamian Cashew/20241217_112859.jpg,,Vietnamian Cashew
test,Vietnamian Cashew/20241217_114203.jpg,,Vietnamian Cashew
test,Vietnamian Cashew/IMG_20241219_095704.jpg,,Vietnamian Cashew
test,Vietnamian Cashew/IMG_20241219_095858.jpg,,Vietnamian Cashew
test,Vietnamian Cashew/IMG_20241219_100028.jpg,,Vietnamian Cashew
test,Vietnamian Cashew/IMG_20241219_101345.jpg,,Vietnamian Cashew
test,Vietnamian Cashew/IMG_20241219_101653.jpg,,Vietnamian Cashew
test,Vietnamian Cashew/IMG_20241219_102316.jpg,,Vietnamian Cashew
test,Vietnamian Cashew/IMG_20241219_102327.jpg,,Vietnamian Cashew
test,Vietnamian Cashew/IMG_20241219_102755.jpg,,Vietnamian Cashew
test,Vietnamian Cashew/IMG_20241219_102805.jpg,,Vietnamian Cashew
test,Vietnamian Cashew/IMG_20241219_103454.jpg,,Vietnamian Cashew
test,Vietnamian Cashew/IMG_20241219_103520.jpg,,Vietnamian Cashew
test,Vietnamian Cashew/IMG_20241219_103706.jpg,,Vietnamian Cashew
test,Walnuts/20241215_111456.jpg,,Walnuts
test,Walnuts/20241215_112441(0).jpg,,Walnuts
test,Walnuts/20241215_112517.jpg,,Walnuts
test,Walnuts/20241215_113019.jpg,,Walnuts
test,Walnuts/20241215_113028.jpg,,Walnuts
test,Walnuts/20241215_120042.jpg,,Walnuts
test,Walnuts/20241215_120052.jpg,,Walnuts
test,Walnuts/20241215_120213.jpg,,Walnuts
test,Walnuts/20241215_120255.jpg,,Walnuts
test,Walnuts/20241215_120402.jpg,,Walnuts
test,Walnuts/20241215_120416.jpg,,Walnuts
test,Walnuts/20241215_120503.jpg,,Walnuts
test,Walnuts/20241215_120741.jpg,,Walnuts
test,Walnuts/20241215_120759.jpg,,Walnuts
test,Walnuts/20241215_120810.jpg,,Walnuts
test,Walnuts/20241215_120825.jpg,,Walnuts
test,Walnuts/20241215_120848.jpg,,Walnuts
test,Walnuts/20241215_122701.jpg,,Walnuts
test,Walnuts/20241215_122711.jpg,,Walnuts
test,Walnuts/20241215_122947.jpg,,Walnuts
test,Walnuts/20241215_123039.jpg,,Walnuts
test,Walnuts/20241215_123137.jpg,,Walnuts
test,Walnuts/20241215_123600.jpg,,Walnuts
test,Walnuts/20241215_123636.jpg,,Walnuts
