split,image_path,label_path,classes
train,train/images/vermicelli-191_png.rf.b8e6bb2abb946d254acc233a184ffbed.jpg,train/labels/vermicelli-191_png.rf.b8e6bb2abb946d254acc233a184ffbed.txt,vermicelli
train,train/images/maida-220_png.rf.70f3866d54a58c50c55ade5c975a04c7.jpg,train/labels/maida-220_png.rf.70f3866d54a58c50c55ade5c975a04c7.txt,maida
train,train/images/maida-92_png.rf.78771a88b9c6fe326b7ad990f759c953.jpg,train/labels/maida-92_png.rf.78771a88b9c6fe326b7ad990f759c953.txt,maida
train,train/images/vermicelli-90_png.rf.2691dfe0a60dbe1457d6314f276d08d2.jpg,train/labels/vermicelli-90_png.rf.2691dfe0a60dbe1457d6314f276d08d2.txt,vermicelli
train,train/images/Atta-83_png.rf.085b0f01041a7d553bada80a544e7a38.jpg,train/labels/Atta-83_png.rf.085b0f01041a7d553bada80a544e7a38.txt,atta
train,train/images/maida-212_png.rf.47e1bfdd54669ac4ad91df7f4cbc3b95.jpg,train/labels/maida-212_png.rf.47e1bfdd54669ac4ad91df7f4cbc3b95.txt,atta
train,train/images/vermicelli-53_png.rf.ef57e0f300d51aa5efab5f725c2ea3b7.jpg,train/labels/vermicelli-53_png.rf.ef57e0f300d51aa5efab5f725c2ea3b7.txt,vermicelli
train,train/images/maida-190_png.rf.af022a40275bae26c02d1ddb8b721de6.jpg,train/labels/maida-190_png.rf.af022a40275bae26c02d1ddb8b721de6.txt,maida
train,train/images/maida-216_png.rf.aabec0d95d042d41250017e20f588e05.jpg,train/labels/maida-216_png.rf.aabec0d95d042d41250017e20f588e05.txt,atta
train,train/images/vermicelli-54_png.rf.4ed5128ec1666faf28c9218e7a945c56.jpg,train/labels/vermicelli-54_png.rf.4ed5128ec1666faf28c9218e7a945c56.txt,vermicelli
train,train/images/maida-195_png.rf.bbb874a983615b6067f3ccc3db7c9554.jpg,train/labels/maida-195_png.rf.bbb874a983615b6067f3ccc3db7c9554.txt,atta
train,train/images/vermicelli-24_png.rf.6b91993524e374088e7eea4a2f4166e8.jpg,train/labels/vermicelli-24_png.rf.6b91993524e374088e7eea4a2f4166e8.txt,vermicelli
train,train/images/Atta-21_png.rf.f9bc3165c8f843c7c2a817db1d4e92c9.jpg,train/labels/Atta-21_png.rf.f9bc3165c8f843c7c2a817db1d4e92c9.txt,atta
train,train/images/vermicelli-217_png.rf.9397e4cd3a9041d64e7396bddb548bb4.jpg,train/labels/vermicelli-217_png.rf.9397e4cd3a9041d64e7396bddb548bb4.txt,vermicelli
train,train/images/Atta-137_png.rf.1421adc901e640fae53c2e0ac4ec382b.jpg,train/labels/Atta-137_png.rf.1421adc901e640fae53c2e0ac4ec382b.txt,atta
train,train/images/Atta-237_png.rf.e26258cb555e555fac9614a2e631c5dc.jpg,train/labels/Atta-237_png.rf.e26258cb555e555fac9614a2e631c5dc.txt,atta
train,train/images/vermicelli-174_png.rf.59e4c3baa7987692328f17be26405271.jpg,train/labels/vermicelli-174_png.rf.59e4c3baa7987692328f17be26405271.txt,vermicelli
train,train/images/maida-40_png.rf.6a0a9b58de4006f7cc1c71e449eba245.jpg,train/labels/maida-40_png.rf.6a0a9b58de4006f7cc1c71e449eba245.txt,atta
train,train/images/vermicelli-136_png.rf.8f3d2f8388c49dcada9966bf2ebabc56.jpg,train/labels/vermicelli-136_png.rf.8f3d2f8388c49dcada9966bf2ebabc56.txt,vermicelli
train,train/images/Atta-38_png.rf.c7a6e46479dd60caf0c081c2134cac63.jpg,train/labels/Atta-38_png.rf.c7a6e46479dd60caf0c081c2134cac63.txt,atta
train,train/images/Atta-24_png.rf.5a80219cc0bc1f890db7d2b6a3344630.jpg,train/labels/Atta-24_png.rf.5a80219cc0bc1f890db7d2b6a3344630.txt,atta
train,train/images/Atta-43_png.rf.1a90adece061679a02fc2599a051fcfd.jpg,train/labels/Atta-43_png.rf.1a90adece061679a02fc2599a051fcfd.txt,atta
train,train/images/vermicelli-22_png.rf.bcbadf289f485f490acd3f5010e38568.jpg,train/labels/vermicelli-22_png.rf.bcbadf289f485f490acd3f5010e38568.txt,vermicelli
train,train/images/Atta-32_png.rf.e8e2815c421c39f26952c4f4da6fc5fc.jpg,train/labels/Atta-32_png.rf.e8e2815c421c39f26952c4f4da6fc5fc.txt,atta
train,train/images/Atta-67_png.rf.45b6a5aa1defe389395e24e56f17898a.jpg,train/labels/Atta-67_png.rf.45b6a5aa1defe389395e24e56f17898a.txt,maida
train,train/images/vermicelli-38_png.rf.50f7cd91c8f1dee884c421abbd1fb6f9.jpg,train/labels/vermicelli-38_png.rf.50f7cd91c8f1dee884c421abbd1fb6f9.txt,vermicelli
train,train/images/Atta-273_png.rf.de328af84f845442825d55a4eb712eed.jpg,train/labels/Atta-273_png.rf.de328af84f845442825d55a4eb712eed.txt,atta
train,train/images/maida-197_png.rf.b83c0dd2ed610024ff4b20416ad68481.jpg,train/labels/maida-197_png.rf.b83c0dd2ed610024ff4b20416ad68481.txt,atta
train,train/images/maida-8_png.rf.c9b693d97091af5351f078c35bec6157.jpg,train/labels/maida-8_png.rf.c9b693d97091af5351f078c35bec6157.txt,atta
train,train/images/vermicelli-80_png.rf.fde149c52f2cf1620cc8799e0bb83269.jpg,train/labels/vermicelli-80_png.rf.fde149c52f2cf1620cc8799e0bb83269.txt,vermicelli
train,train/images/vermicelli-97_png.rf.1af547bf2ddda5fa998bcc5970198ca6.jpg,train/labels/vermicelli-97_png.rf.1af547bf2ddda5fa998bcc5970198ca6.txt,vermicelli
train,train/images/Atta-232_png.rf.fa0f82673e1e1c2c62225c303817048d.jpg,train/labels/Atta-232_png.rf.fa0f82673e1e1c2c62225c303817048d.txt,maida
train,train/images/Atta-243_png.rf.b6db7b49916fff7d391d35ebc9e89ec3.jpg,train/labels/Atta-243_png.rf.b6db7b49916fff7d391d35ebc9e89ec3.txt,"atta,maida"
train,train/images/vermicelli-188_png.rf.ec26d95925a6acf829de94bf4eeb10d2.jpg,train/labels/vermicelli-188_png.rf.ec26d95925a6acf829de94bf4eeb10d2.txt,vermicelli
train,train/images/Atta-191_png.rf.4960b3f67607b0c81719bbe46913ae38.jpg,train/labels/Atta-191_png.rf.4960b3f67607b0c81719bbe46913ae38.txt,atta
train,train/images/Atta-145_png.rf.ec8128cdf24ebc07e9dce4022a93df29.jpg,train/labels/Atta-145_png.rf.ec8128cdf24ebc07e9dce4022a93df29.txt,atta
train,train/images/vermicelli-61_png.rf.c6c100ab048d58c4797a19a321079d71.jpg,train/labels/vermicelli-61_png.rf.c6c100ab048d58c4797a19a321079d71.txt,vermicelli
train,train/images/maida-270_png.rf.988635737d516ff9fa1c59dcb1244243.jpg,train/labels/maida-270_png.rf.988635737d516ff9fa1c59dcb1244243.txt,maida
train,train/images/vermicelli-211_png.rf.0d6a9c18ec25740ad73232eac4296ba8.jpg,train/labels/vermicelli-211_png.rf.0d6a9c18ec25740ad73232eac4296ba8.txt,vermicelli
train,train/images/maida-193_png.rf.ca7ace62148a3aa27e39fa8fcd2b53ef.jpg,train/labels/maida-193_png.rf.ca7ace62148a3aa27e39fa8fcd2b53ef.txt,atta
train,train/images/maida-98_png.rf.fcf2e14a0d91f761a7092950dc131aff.jpg,train/labels/maida-98_png.rf.fcf2e14a0d91f761a7092950dc131aff.txt,maida
train,train/images/vermicelli-94_png.rf.365d1d7823eb867173188368ac00691e.jpg,train/labels/vermicelli-94_png.rf.365d1d7823eb867173188368ac00691e.txt,vermicelli
train,train/images/vermicelli-36_png.rf.29c781f14adfa40bb198a8103200b017.jpg,train/labels/vermicelli-36_png.rf.29c781f14adfa40bb198a8103200b017.txt,vermicelli
train,train/images/Atta-274_png.rf.94ff43be18e2750dc50eafd88015854a.jpg,train/labels/Atta-274_png.rf.94ff43be18e2750dc50eafd88015854a.txt,"atta,maida"
train,train/images/Atta-221_png.rf.4a825dd1924de819052993e46c6d1038.jpg,train/labels/Atta-221_png.rf.4a825dd1924de819052993e46c6d1038.txt,atta
train,train/images/Atta-1_png.rf.24fd925ee21ab410b3e2586a171d9521.jpg,train/labels/Atta-1_png.rf.24fd925ee21ab410b3e2586a171d9521.txt,atta
train,train/images/Atta-110_png.rf.2dafeb028751e8bb205bb5aa550ebefb.jpg,train/labels/Atta-110_png.rf.2dafeb028751e8bb205bb5aa550ebefb.txt,atta
train,train/images/vermicelli-249_png.rf.a4365416d92326dbd422683eb5f2dd92.jpg,train/labels/vermicelli-249_png.rf.a4365416d92326dbd422683eb5f2dd92.txt,vermicelli
train,train/images/vermicelli-152_png.rf.a5a33c600b8ba8f87e66e14d26606857.jpg,train/labels/vermicelli-152_png.rf.a5a33c600b8ba8f87e66e14d26606857.txt,vermicelli
train,train/images/vermicelli-58_png.rf.81a2dda0469549a707b4175498021cd1.jpg,train/labels/vermicelli-58_png.rf.81a2dda0469549a707b4175498021cd1.txt,vermicelli
train,train/images/vermicelli-192_png.rf.faa9442d3f4255ba4a57b1ea058f9d94.jpg,train/labels/vermicelli-192_png.rf.faa9442d3f4255ba4a57b1ea058f9d94.txt,vermicelli
train,train/images/maida-134_png.rf.79cc08399c4da2bda5d5b2242a1dc3a4.jpg,train/labels/maida-134_png.rf.79cc08399c4da2bda5d5b2242a1dc3a4.txt,atta
train,train/images/vermicelli-181_png.rf.f18049d844296eef62c932f3d50fcdc2.jpg,train/labels/vermicelli-181_png.rf.f18049d844296eef62c932f3d50fcdc2.txt,vermicelli
train,train/images/vermicelli-112_png.rf.6f62e0b9cfe562c6393fd5e0c21e3df9.jpg,train/labels/vermicelli-112_png.rf.6f62e0b9cfe562c6393fd5e0c21e3df9.txt,vermicelli
train,train/images/Atta-188_png.rf.9a08bebf79e90d6852bdeb9ca0f8a7db.jpg,train/labels/Atta-188_png.rf.9a08bebf79e90d6852bdeb9ca0f8a7db.txt,atta
train,train/images/Atta-160_png.rf.7035793daa89f0e0a4de9498de0412f9.jpg,train/labels/Atta-160_png.rf.7035793daa89f0e0a4de9498de0412f9.txt,atta
train,train/images/maida-2_png.rf.dc8fde99e1e3e77f3c1ae2b7526eafba.jpg,train/labels/maida-2_png.rf.dc8fde99e1e3e77f3c1ae2b7526eafba.txt,"atta,maida"
train,train/images/vermicelli-238_png.rf.6acea4f07da28686ce5b33bbf93f5a23.jpg,train/labels/vermicelli-238_png.rf.6acea4f07da28686ce5b33bbf93f5a23.txt,vermicelli
train,train/images/maida-228_png.rf.071f36c6bcf62962c323f0088af6d0b6.jpg,train/labels/maida-228_png.rf.071f36c6bcf62962c323f0088af6d0b6.txt,atta
train,train/images/vermicelli-100_png.rf.f1131c2a87e5f36c1b63e7c43a0d084e.jpg,train/labels/vermicelli-100_png.rf.f1131c2a87e5f36c1b63e7c43a0d084e.txt,vermicelli
train,train/images/vermicelli-194_png.rf.420d4e0645a247a3f7ed2ccb51299f0f.jpg,train/labels/vermicelli-194_png.rf.420d4e0645a247a3f7ed2ccb51299f0f.txt,vermicelli
train,train/images/maida-125_png.rf.e927899f4893cd22c7e27694e921a00f.jpg,train/labels/maida-125_png.rf.e927899f4893cd22c7e27694e921a00f.txt,maida
train,train/images/vermicelli-171_png.rf.9a01859a5e2fb668f1636fa89798e4d1.jpg,train/labels/vermicelli-171_png.rf.9a01859a5e2fb668f1636fa89798e4d1.txt,vermicelli
train,train/images/vermicelli-216_png.rf.4f72e7f18c543922260c0b6c19ea2ccf.jpg,train/labels/vermicelli-216_png.rf.4f72e7f18c543922260c0b6c19ea2ccf.txt,vermicelli
train,train/images/Atta-63_png.rf.a45e3aa54787171847f50d03bbb5e2b1.jpg,train/labels/Atta-63_png.rf.a45e3aa54787171847f50d03bbb5e2b1.txt,atta
train,train/images/maida-177_png.rf.c1b6e000401fa975137db58981a5beb2.jpg,train/labels/maida-177_png.rf.c1b6e000401fa975137db58981a5beb2.txt,maida
train,train/images/vermicelli-20_png.rf.13446cb239cf93d4e4fe08fe7d2312a3.jpg,train/labels/vermicelli-20_png.rf.13446cb239cf93d4e4fe08fe7d2312a3.txt,vermicelli
train,train/images/Atta-62_png.rf.c864126be229131420194c06dbc07189.jpg,train/labels/Atta-62_png.rf.c864126be229131420194c06dbc07189.txt,maida
train,train/images/vermicelli-232_png.rf.50b6fa09c7f4c69e9902a5a360b9a2d2.jpg,train/labels/vermicelli-232_png.rf.50b6fa09c7f4c69e9902a5a360b9a2d2.txt,vermicelli
train,train/images/maida-169_png.rf.8961cfe80f7ce082b6d871f5a5c14435.jpg,train/labels/maida-169_png.rf.8961cfe80f7ce082b6d871f5a5c14435.txt,maida
train,train/images/Atta-69_png.rf.7dc25ce2f582ff637a2fc2f32af9b65c.jpg,train/labels/Atta-69_png.rf.7dc25ce2f582ff637a2fc2f32af9b65c.txt,atta
train,train/images/Atta-150_png.rf.71f7aae9fc7094b8837ab172fa7f910a.jpg,train/labels/Atta-150_png.rf.71f7aae9fc7094b8837ab172fa7f910a.txt,atta
train,train/images/vermicelli-286_png.rf.a2fa4d6cf17398b441fbe20faed9986e.jpg,train/labels/vermicelli-286_png.rf.a2fa4d6cf17398b441fbe20faed9986e.txt,vermicelli
train,train/images/maida-83_png.rf.4da0a29cf90fe889b36c28e8ab7935f5.jpg,train/labels/maida-83_png.rf.4da0a29cf90fe889b36c28e8ab7935f5.txt,maida
train,train/images/maida-207_png.rf.b21b052c0f7f5d47127147edbee1b561.jpg,train/labels/maida-207_png.rf.b21b052c0f7f5d47127147edbee1b561.txt,maida
train,train/images/Atta-236_png.rf.d56745d1709e662635d210853b59fc8b.jpg,train/labels/Atta-236_png.rf.d56745d1709e662635d210853b59fc8b.txt,maida
train,train/images/Atta-108_png.rf.c1474081dcc48161937d9ef8a5e1a903.jpg,train/labels/Atta-108_png.rf.c1474081dcc48161937d9ef8a5e1a903.txt,atta
train,train/images/maida-143_png.rf.1088ce5dc564d4a59c5523f750fcaa08.jpg,train/labels/maida-143_png.rf.1088ce5dc564d4a59c5523f750fcaa08.txt,maida
train,train/images/vermicelli-83_png.rf.594d1679a1dc5c36de0c6aa0a6f15e9d.jpg,train/labels/vermicelli-83_png.rf.594d1679a1dc5c36de0c6aa0a6f15e9d.txt,vermicelli
train,train/images/Atta-105_png.rf.f5818429ff45c80d4555a677ee54b072.jpg,train/labels/Atta-105_png.rf.f5818429ff45c80d4555a677ee54b072.txt,atta
train,train/images/vermicelli-6_png.rf.537fd2675704f668598b2898c8a1232e.jpg,train/labels/vermicelli-6_png.rf.537fd2675704f668598b2898c8a1232e.txt,vermicelli
train,train/images/Atta-217_png.rf.febe8414f2f7171f2e2d3a2f43eb3342.jpg,train/labels/Atta-217_png.rf.febe8414f2f7171f2e2d3a2f43eb3342.txt,atta
train,train/images/Atta-275_png.rf.f6cf5ffd6cea587756c8075431f846b0.jpg,train/labels/Atta-275_png.rf.f6cf5ffd6cea587756c8075431f846b0.txt,atta
train,train/images/Atta-240_png.rf.89edbd28ab7ca266c500005701d6dafa.jpg,train/labels/Atta-240_png.rf.89edbd28ab7ca266c500005701d6dafa.txt,atta
train,train/images/maida-9_png.rf.36687fbea3a2c0c74dc85eab02e2205f.jpg,train/labels/maida-9_png.rf.36687fbea3a2c0c74dc85eab02e2205f.txt,maida
train,train/images/Atta-210_png.rf.7e651f43277d2b0006cf4815b6bde58a.jpg,train/labels/Atta-210_png.rf.7e651f43277d2b0006cf4815b6bde58a.txt,atta
train,train/images/Atta-163_png.rf.efd116aabd5b07bf2c47127cfce6b799.jpg,train/labels/Atta-163_png.rf.efd116aabd5b07bf2c47127cfce6b799.txt,atta
train,train/images/maida-140_png.rf.db2e2ff4b9ea5548870b2fac764cad9d.jpg,train/labels/maida-140_png.rf.db2e2ff4b9ea5548870b2fac764cad9d.txt,maida
train,train/images/maida-136_png.rf.41fe0b9eb00cd41003c53dc7f1753b4b.jpg,train/labels/maida-136_png.rf.41fe0b9eb00cd41003c53dc7f1753b4b.txt,maida
train,train/images/maida-185_png.rf.21283c39c7710ae2d4ceb97c7444b84d.jpg,train/labels/maida-185_png.rf.21283c39c7710ae2d4ceb97c7444b84d.txt,maida
train,train/images/Atta-74_png.rf.415c028470036cdfe9e01e5533746cf6.jpg,train/labels/Atta-74_png.rf.415c028470036cdfe9e01e5533746cf6.txt,atta
train,train/images/maida-188_png.rf.e95da88395d18d352fa5751a50d0b4a2.jpg,train/labels/maida-188_png.rf.e95da88395d18d352fa5751a50d0b4a2.txt,maida
train,train/images/maida-86_png.rf.041ced75d16302ae9975b5df8d1f42c5.jpg,train/labels/maida-86_png.rf.041ced75d16302ae9975b5df8d1f42c5.txt,maida
train,train/images/vermicelli-218_png.rf.c6b9d9359c1dc4d663bbb6c6d63a5eed.jpg,train/labels/vermicelli-218_png.rf.c6b9d9359c1dc4d663bbb6c6d63a5eed.txt,vermicelli
train,train/images/maida-37_png.rf.bae1afc2f000e3d8b651eb28d0f003ad.jpg,train/labels/maida-37_png.rf.bae1afc2f000e3d8b651eb28d0f003ad.txt,"atta,maida"
train,train/images/Atta-111_png.rf.189ef6acdcef0692405c464b5df6eeda.jpg,train/labels/Atta-111_png.rf.189ef6acdcef0692405c464b5df6eeda.txt,atta
train,train/images/Atta-86_png.rf.b642d53961e5b76f324112120491471d.jpg,train/labels/Atta-86_png.rf.b642d53961e5b76f324112120491471d.txt,maida
train,train/images/maida-141_png.rf.fe3bd897421cefc995210706626cfd38.jpg,train/labels/maida-141_png.rf.fe3bd897421cefc995210706626cfd38.txt,maida
train,train/images/maida-236_png.rf.93ee6cf1d4fb6fedfb0537c08b256d79.jpg,train/labels/maida-236_png.rf.93ee6cf1d4fb6fedfb0537c08b256d79.txt,maida
train,train/images/maida-148_png.rf.1e980c511182322b544f27ad19c6cb99.jpg,train/labels/maida-148_png.rf.1e980c511182322b544f27ad19c6cb99.txt,maida
train,train/images/Atta-162_png.rf.7794d87c61aeb38b8e62d00d4c115a2a.jpg,train/labels/Atta-162_png.rf.7794d87c61aeb38b8e62d00d4c115a2a.txt,maida
train,train/images/Atta-17_png.rf.34c35eef0983438b46f15a9bb6a5a476.jpg,train/labels/Atta-17_png.rf.34c35eef0983438b46f15a9bb6a5a476.txt,atta
train,train/images/Atta-73_png.rf.9898d4ddc90dc16b3f58e7d99640e9a4.jpg,train/labels/Atta-73_png.rf.9898d4ddc90dc16b3f58e7d99640e9a4.txt,maida
train,train/images/Atta-216_png.rf.8db545c6a972c3d040b21661010887c0.jpg,train/labels/Atta-216_png.rf.8db545c6a972c3d040b21661010887c0.txt,atta
train,train/images/Atta-272_png.rf.ae392de6b44b4342ae4291b006ff6f43.jpg,train/labels/Atta-272_png.rf.ae392de6b44b4342ae4291b006ff6f43.txt,atta
train,train/images/vermicelli-133_png.rf.cd646074236e4f7cdceb4f3d78cd32a3.jpg,train/labels/vermicelli-133_png.rf.cd646074236e4f7cdceb4f3d78cd32a3.txt,vermicelli
train,train/images/maida-60_png.rf.588f3bc9c0226d9edc5769e1a09901fd.jpg,train/labels/maida-60_png.rf.588f3bc9c0226d9edc5769e1a09901fd.txt,maida
train,train/images/maida-191_png.rf.6580aab05f568cbc6029200c6a6c254d.jpg,train/labels/maida-191_png.rf.6580aab05f568cbc6029200c6a6c254d.txt,maida
train,train/images/vermicelli-195_png.rf.6a7c0351093c519a0f935b16bfa77f9c.jpg,train/labels/vermicelli-195_png.rf.6a7c0351093c519a0f935b16bfa77f9c.txt,vermicelli
train,train/images/maida-153_png.rf.554e54999624687a196c40fa8569c3a0.jpg,train/labels/maida-153_png.rf.554e54999624687a196c40fa8569c3a0.txt,maida
train,train/images/Atta-255_png.rf.4ba3fa84055846d03097d65a6eac88a0.jpg,train/labels/Atta-255_png.rf.4ba3fa84055846d03097d65a6eac88a0.txt,atta
train,train/images/maida-63_png.rf.e2f216314521d426fe86614fd4fc5556.jpg,train/labels/maida-63_png.rf.e2f216314521d426fe86614fd4fc5556.txt,atta
train,train/images/Atta-91_png.rf.e51ee66fbcd061e1d6ce6a2318a8b68b.jpg,train/labels/Atta-91_png.rf.e51ee66fbcd061e1d6ce6a2318a8b68b.txt,atta
train,train/images/Atta-247_png.rf.a7b0ffdbd0849d3b34363829601d0bfe.jpg,train/labels/Atta-247_png.rf.a7b0ffdbd0849d3b34363829601d0bfe.txt,atta
train,train/images/maida-135_png.rf.25951a04f3459ceadb0d363f858ab362.jpg,train/labels/maida-135_png.rf.25951a04f3459ceadb0d363f858ab362.txt,atta
train,train/images/maida-139_png.rf.4c3f5c717263b3c76663366e094aff78.jpg,train/labels/maida-139_png.rf.4c3f5c717263b3c76663366e094aff78.txt,"atta,maida"
train,train/images/maida-233_png.rf.dcca402dc3ffa5cfd4cb4ec037aab47d.jpg,train/labels/maida-233_png.rf.dcca402dc3ffa5cfd4cb4ec037aab47d.txt,maida
train,train/images/vermicelli-62_png.rf.88246eef1b74c3256fbcdf06b832ded1.jpg,train/labels/vermicelli-62_png.rf.88246eef1b74c3256fbcdf06b832ded1.txt,vermicelli
train,train/images/vermicelli-253_png.rf.04ccc7f44fd9f0108d41655e2b76d533.jpg,train/labels/vermicelli-253_png.rf.04ccc7f44fd9f0108d41655e2b76d533.txt,vermicelli
train,train/images/vermicelli-164_png.rf.9f16f931405b2273be5e8eb62c327523.jpg,train/labels/vermicelli-164_png.rf.9f16f931405b2273be5e8eb62c327523.txt,vermicelli
train,train/images/maida-54_png.rf.a7626efb2ce4912c76d9ac209e76ef33.jpg,train/labels/maida-54_png.rf.a7626efb2ce4912c76d9ac209e76ef33.txt,maida
train,train/images/vermicelli-134_png.rf.c7bc7974ec00cad42382cd45ee6c7e51.jpg,train/labels/vermicelli-134_png.rf.c7bc7974ec00cad42382cd45ee6c7e51.txt,vermicelli
train,train/images/vermicelli-63_png.rf.da4a7b766343bcfadb6ab5bce6fbcd1c.jpg,train/labels/vermicelli-63_png.rf.da4a7b766343bcfadb6ab5bce6fbcd1c.txt,vermicelli
train,train/images/vermicelli-8_png.rf.7877820246d845ae9550e286c8a19e9c.jpg,train/labels/vermicelli-8_png.rf.7877820246d845ae9550e286c8a19e9c.txt,vermicelli
train,train/images/Atta-84_png.rf.223f785b2298505bd927188db901a12e.jpg,train/labels/Atta-84_png.rf.223f785b2298505bd927188db901a12e.txt,"atta,maida"
train,train/images/Atta-35_png.rf.a2f52c42c199fe8c9b6f01fdefe7c1be.jpg,train/labels/Atta-35_png.rf.a2f52c42c199fe8c9b6f01fdefe7c1be.txt,maida
train,train/images/vermicelli-142_png.rf.0db20727f757d9170797697791a03256.jpg,train/labels/vermicelli-142_png.rf.0db20727f757d9170797697791a03256.txt,vermicelli
train,train/images/Atta-192_png.rf.7ff8cd31d39141c708720aabfce0d520.jpg,train/labels/Atta-192_png.rf.7ff8cd31d39141c708720aabfce0d520.txt,maida
train,train/images/maida-130_png.rf.2bc7994776405f33e621531b393a23c0.jpg,train/labels/maida-130_png.rf.2bc7994776405f33e621531b393a23c0.txt,maida
train,train/images/Atta-57_png.rf.6d5a7563af9024db26a2b5ea790bb9c3.jpg,train/labels/Atta-57_png.rf.6d5a7563af9024db26a2b5ea790bb9c3.txt,"atta,maida"
train,train/images/maida-39_png.rf.427a08387ac4a93de2a114fb1a965099.jpg,train/labels/maida-39_png.rf.427a08387ac4a93de2a114fb1a965099.txt,atta
train,train/images/maida-237_png.rf.de84e62a175bf02601bb1952e3553f99.jpg,train/labels/maida-237_png.rf.de84e62a175bf02601bb1952e3553f99.txt,maida
train,train/images/maida-30_png.rf.00b51dbe137e52767ea6d9693ff1791e.jpg,train/labels/maida-30_png.rf.00b51dbe137e52767ea6d9693ff1791e.txt,maida
train,train/images/vermicelli-15_png.rf.4c31cf73dbb2c1c0b3f93aa5539ce7e8.jpg,train/labels/vermicelli-15_png.rf.4c31cf73dbb2c1c0b3f93aa5539ce7e8.txt,vermicelli
train,train/images/vermicelli-224_png.rf.405455d5042d678c496b596b8d7aadd5.jpg,train/labels/vermicelli-224_png.rf.405455d5042d678c496b596b8d7aadd5.txt,vermicelli
train,train/images/vermicelli-77_png.rf.5d4b3a57d78b377ff9dac33691f64306.jpg,train/labels/vermicelli-77_png.rf.5d4b3a57d78b377ff9dac33691f64306.txt,vermicelli
train,train/images/Atta-231_png.rf.f4a88694de5acc0ec5a0a551270e5e95.jpg,train/labels/Atta-231_png.rf.f4a88694de5acc0ec5a0a551270e5e95.txt,atta
train,train/images/vermicelli-116_png.rf.0299d177b739dc1294d4e22ac6d24502.jpg,train/labels/vermicelli-116_png.rf.0299d177b739dc1294d4e22ac6d24502.txt,vermicelli
train,train/images/Atta-80_png.rf.203287dee783e306e8339d23335c33d9.jpg,train/labels/Atta-80_png.rf.203287dee783e306e8339d23335c33d9.txt,atta
train,train/images/Atta-134_png.rf.c6080b53a65fd8dc9aca977163457b7f.jpg,train/labels/Atta-134_png.rf.c6080b53a65fd8dc9aca977163457b7f.txt,atta
train,train/images/maida-222_png.rf.ba8b67477744fca8999e2a87eea28c9f.jpg,train/labels/maida-222_png.rf.ba8b67477744fca8999e2a87eea28c9f.txt,maida
train,train/images/vermicelli-70_png.rf.26882a5445ab0dae8380260d030dbf54.jpg,train/labels/vermicelli-70_png.rf.26882a5445ab0dae8380260d030dbf54.txt,vermicelli
train,train/images/maida-111_png.rf.591c972c677d64be2fccbbbb9a78fef3.jpg,train/labels/maida-111_png.rf.591c972c677d64be2fccbbbb9a78fef3.txt,maida
train,train/images/maida-99_png.rf.d1d4e208a311b4d891b25547494de829.jpg,train/labels/maida-99_png.rf.d1d4e208a311b4d891b25547494de829.txt,atta
train,train/images/Atta-278_png.rf.548201a93938615a2fcfd4e838c3c01a.jpg,train/labels/Atta-278_png.rf.548201a93938615a2fcfd4e838c3c01a.txt,atta
train,train/images/vermicelli-37_png.rf.cc4dbbbfd17d56034102ae6296b90810.jpg,train/labels/vermicelli-37_png.rf.cc4dbbbfd17d56034102ae6296b90810.txt,vermicelli
train,train/images/vermicelli-105_png.rf.3dcfae8a5691b60d42ff59b4acacfa5a.jpg,train/labels/vermicelli-105_png.rf.3dcfae8a5691b60d42ff59b4acacfa5a.txt,vermicelli
train,train/images/Atta-138_png.rf.ff325c5d1eb72110802c134b9797b7fd.jpg,train/labels/Atta-138_png.rf.ff325c5d1eb72110802c134b9797b7fd.txt,atta
train,train/images/vermicelli-203_png.rf.1fa577a594e671e35c1584a873661909.jpg,train/labels/vermicelli-203_png.rf.1fa577a594e671e35c1584a873661909.txt,vermicelli
train,train/images/vermicelli-71_png.rf.69e4b0d5eb5d6c1ce5d5b172184b08df.jpg,train/labels/vermicelli-71_png.rf.69e4b0d5eb5d6c1ce5d5b172184b08df.txt,vermicelli
train,train/images/vermicelli-148_png.rf.f31f7be82a1636ffbc99485c7caf5163.jpg,train/labels/vermicelli-148_png.rf.f31f7be82a1636ffbc99485c7caf5163.txt,vermicelli
train,train/images/vermicelli-66_png.rf.14eb28e90b47f6229698f8afe50c2fb5.jpg,train/labels/vermicelli-66_png.rf.14eb28e90b47f6229698f8afe50c2fb5.txt,vermicelli
train,train/images/maida-144_png.rf.aa939fe0a5d74f1699e23f48edd7c432.jpg,train/labels/maida-144_png.rf.aa939fe0a5d74f1699e23f48edd7c432.txt,maida
train,train/images/Atta-96_png.rf.c177484ab00402658eb447dffdfce717.jpg,train/labels/Atta-96_png.rf.c177484ab00402658eb447dffdfce717.txt,atta
train,train/images/vermicelli-153_png.rf.dd93dbd5ca89e654461019e728ca5480.jpg,train/labels/vermicelli-153_png.rf.dd93dbd5ca89e654461019e728ca5480.txt,vermicelli
train,train/images/Atta-245_png.rf.ba5e6328d5e4d8d32cd3ca9410a13262.jpg,train/labels/Atta-245_png.rf.ba5e6328d5e4d8d32cd3ca9410a13262.txt,atta
train,train/images/maida-157_png.rf.389776391a28fdc6ad0deb8ae46620c3.jpg,train/labels/maida-157_png.rf.389776391a28fdc6ad0deb8ae46620c3.txt,maida
train,train/images/vermicelli-227_png.rf.d55b0ef748e13c22f6ce24c0cc03c866.jpg,train/labels/vermicelli-227_png.rf.d55b0ef748e13c22f6ce24c0cc03c866.txt,vermicelli
train,train/images/Atta-149_png.rf.e74ccb9472032e85fe9f34778d80a3a9.jpg,train/labels/Atta-149_png.rf.e74ccb9472032e85fe9f34778d80a3a9.txt,atta
train,train/images/Atta-222_png.rf.04b346d96af45497d58f6cb227f3bdee.jpg,train/labels/Atta-222_png.rf.04b346d96af45497d58f6cb227f3bdee.txt,atta
train,train/images/Atta-97_png.rf.a02c6667582372bb98f4f26da764f383.jpg,train/labels/Atta-97_png.rf.a02c6667582372bb98f4f26da764f383.txt,atta
train,train/images/maida-32_png.rf.8d1701c93c05b7bc3e9b0e7af6a2f448.jpg,train/labels/maida-32_png.rf.8d1701c93c05b7bc3e9b0e7af6a2f448.txt,atta
train,train/images/Atta-53_png.rf.3c0a0df7c5a59172c12b40bc0d64390e.jpg,train/labels/Atta-53_png.rf.3c0a0df7c5a59172c12b40bc0d64390e.txt,atta
train,train/images/maida-78_png.rf.1e1d03d187b70e4cca0a3d35b51460b3.jpg,train/labels/maida-78_png.rf.1e1d03d187b70e4cca0a3d35b51460b3.txt,atta
train,train/images/maida-48_png.rf.afabf9e6a3da6c02a8de747dd2dda8ce.jpg,train/labels/maida-48_png.rf.afabf9e6a3da6c02a8de747dd2dda8ce.txt,maida
train,train/images/maida-218_png.rf.56d4529a1ef281b7c6184ff4d72ed925.jpg,train/labels/maida-218_png.rf.56d4529a1ef281b7c6184ff4d72ed925.txt,maida
train,train/images/Atta-158_png.rf.ac00e0be140be142d53100440c12c819.jpg,train/labels/Atta-158_png.rf.ac00e0be140be142d53100440c12c819.txt,maida
train,train/images/vermicelli-18_png.rf.42ada53bc60fb22631c2b5a1e390fc19.jpg,train/labels/vermicelli-18_png.rf.42ada53bc60fb22631c2b5a1e390fc19.txt,vermicelli
train,train/images/Atta-107_png.rf.529cb9fd0a33380011cec46ec40d12ed.jpg,train/labels/Atta-107_png.rf.529cb9fd0a33380011cec46ec40d12ed.txt,atta
train,train/images/vermicelli-14_png.rf.902054bbbdf8883c36fb3959683012a2.jpg,train/labels/vermicelli-14_png.rf.902054bbbdf8883c36fb3959683012a2.txt,vermicelli
train,train/images/maida-230_png.rf.0b04ec2e2208968723a24eed12664baf.jpg,train/labels/maida-230_png.rf.0b04ec2e2208968723a24eed12664baf.txt,maida
train,train/images/maida-5_png.rf.a25ffdb571a32174ed69044cb6ee5aa9.jpg,train/labels/maida-5_png.rf.a25ffdb571a32174ed69044cb6ee5aa9.txt,maida
train,train/images/vermicelli-207_png.rf.fe412f16dc6e5be65029970787484bf8.jpg,train/labels/vermicelli-207_png.rf.fe412f16dc6e5be65029970787484bf8.txt,vermicelli
train,train/images/vermicelli-13_png.rf.fb64025b2a1a4c8123254a2e92312189.jpg,train/labels/vermicelli-13_png.rf.fb64025b2a1a4c8123254a2e92312189.txt,vermicelli
train,train/images/maida-164_png.rf.e7a4cdef2b27570b6bbe2209c0051d4c.jpg,train/labels/maida-164_png.rf.e7a4cdef2b27570b6bbe2209c0051d4c.txt,maida
train,train/images/vermicelli-137_png.rf.dab744cb3aa73b344dfec52f27d16b0d.jpg,train/labels/vermicelli-137_png.rf.dab744cb3aa73b344dfec52f27d16b0d.txt,vermicelli
train,train/images/vermicelli-34_png.rf.c8be7f5b2343f93849c022b39b6befc7.jpg,train/labels/vermicelli-34_png.rf.c8be7f5b2343f93849c022b39b6befc7.txt,vermicelli
train,train/images/vermicelli-130_png.rf.ae26a624e79dd5660c82827cce24df16.jpg,train/labels/vermicelli-130_png.rf.ae26a624e79dd5660c82827cce24df16.txt,vermicelli
train,train/images/Atta-215_png.rf.e9887dde8f373b8be7f6f7320689715e.jpg,train/labels/Atta-215_png.rf.e9887dde8f373b8be7f6f7320689715e.txt,maida
train,train/images/Atta-81_png.rf.0dd5df25460d2ceaa433078c099fec77.jpg,train/labels/Atta-81_png.rf.0dd5df25460d2ceaa433078c099fec77.txt,atta
train,train/images/vermicelli-229_png.rf.7866840e87de2e8ff791203d9ad7f352.jpg,train/labels/vermicelli-229_png.rf.7866840e87de2e8ff791203d9ad7f352.txt,vermicelli
train,train/images/maida-235_png.rf.6238acdb04e9ec0348a85faec373d899.jpg,train/labels/maida-235_png.rf.6238acdb04e9ec0348a85faec373d899.txt,atta
train,train/images/Atta-41_png.rf.ce9be737b12a860f5ae405576eea74fe.jpg,train/labels/Atta-41_png.rf.ce9be737b12a860f5ae405576eea74fe.txt,atta
train,train/images/maida-167_png.rf.b5247f237f8bd58317c7d90ee7c3d8cd.jpg,train/labels/maida-167_png.rf.b5247f237f8bd58317c7d90ee7c3d8cd.txt,maida
train,train/images/Atta-95_png.rf.6c01a47cbb7101d8282b18efe4bf31e1.jpg,train/labels/Atta-95_png.rf.6c01a47cbb7101d8282b18efe4bf31e1.txt,atta
train,train/images/maida-69_png.rf.7e62824fe5a57dfb84b5d2ebaba822fe.jpg,train/labels/maida-69_png.rf.7e62824fe5a57dfb84b5d2ebaba822fe.txt,maida
train,train/images/Atta-46_png.rf.fa5799e4c0b6b3b0c19986349f5b3ae1.jpg,train/labels/Atta-46_png.rf.fa5799e4c0b6b3b0c19986349f5b3ae1.txt,maida
train,train/images/Atta-239_png.rf.ecc5d424c1e41abf517f7430edb0c096.jpg,train/labels/Atta-239_png.rf.ecc5d424c1e41abf517f7430edb0c096.txt,atta
train,train/images/vermicelli-104_png.rf.10b2019188230bb0734e3b04813e3dd2.jpg,train/labels/vermicelli-104_png.rf.10b2019188230bb0734e3b04813e3dd2.txt,vermicelli
train,train/images/Atta-159_png.rf.d6b0837eda00dc58365a3f5aa6c16e42.jpg,train/labels/Atta-159_png.rf.d6b0837eda00dc58365a3f5aa6c16e42.txt,atta
train,train/images/Atta-233_png.rf.72d12ae8c4675d7e5f95eba46721b5df.jpg,train/labels/Atta-233_png.rf.72d12ae8c4675d7e5f95eba46721b5df.txt,atta
train,train/images/vermicelli-190_png.rf.243af36bfb064d223adab7c8f8ac477e.jpg,train/labels/vermicelli-190_png.rf.243af36bfb064d223adab7c8f8ac477e.txt,vermicelli
train,train/images/maida-28_png.rf.54d2f59d6470781846f138e32cd4647e.jpg,train/labels/maida-28_png.rf.54d2f59d6470781846f138e32cd4647e.txt,atta
train,train/images/vermicelli-230_png.rf.40f6d8cfa7e69822478f5a57c5fe2330.jpg,train/labels/vermicelli-230_png.rf.40f6d8cfa7e69822478f5a57c5fe2330.txt,vermicelli
train,train/images/maida-21_png.rf.1c366b704131ab6aa8d801e694fc88aa.jpg,train/labels/maida-21_png.rf.1c366b704131ab6aa8d801e694fc88aa.txt,"atta,maida"
train,train/images/vermicelli-118_png.rf.3cc05d7a8762f6f631eb3e6a6faa5226.jpg,train/labels/vermicelli-118_png.rf.3cc05d7a8762f6f631eb3e6a6faa5226.txt,vermicelli
train,train/images/vermicelli-98_png.rf.11ae2ff6f81e422fe8ef889fda2c3e1c.jpg,train/labels/vermicelli-98_png.rf.11ae2ff6f81e422fe8ef889fda2c3e1c.txt,vermicelli
train,train/images/maida-186_png.rf.61e80df2e91b7fa7b904b65d39046ab2.jpg,train/labels/maida-186_png.rf.61e80df2e91b7fa7b904b65d39046ab2.txt,maida
train,train/images/vermicelli-210_png.rf.1859032e0f02b39d5899846deabcff14.jpg,train/labels/vermicelli-210_png.rf.1859032e0f02b39d5899846deabcff14.txt,vermicelli
train,train/images/vermicelli-41_png.rf.573321f8ae1768004d66859ce30714d3.jpg,train/labels/vermicelli-41_png.rf.573321f8ae1768004d66859ce30714d3.txt,vermicelli
train,train/images/maida-155_png.rf.8bcf005a3e4b58cef248097e2939bf19.jpg,train/labels/maida-155_png.rf.8bcf005a3e4b58cef248097e2939bf19.txt,maida
train,train/images/Atta-31_png.rf.84b451004cdfe66365065253b5a2e567.jpg,train/labels/Atta-31_png.rf.84b451004cdfe66365065253b5a2e567.txt,atta
train,train/images/vermicelli-172_png.rf.b4d38e1c17ca1e96a3cb3c49448ab5a0.jpg,train/labels/vermicelli-172_png.rf.b4d38e1c17ca1e96a3cb3c49448ab5a0.txt,vermicelli
train,train/images/Atta-51_png.rf.5e42fdef6f7944de5fe553e1cf6d8c2b.jpg,train/labels/Atta-51_png.rf.5e42fdef6f7944de5fe553e1cf6d8c2b.txt,"atta,maida"
train,train/images/maida-14_png.rf.b168c13e50ffbf8d0e39494a4c88cc5b.jpg,train/labels/maida-14_png.rf.b168c13e50ffbf8d0e39494a4c88cc5b.txt,maida
train,train/images/Atta-194_png.rf.7a32c2e61eaea6496cff06dfb421b409.jpg,train/labels/Atta-194_png.rf.7a32c2e61eaea6496cff06dfb421b409.txt,maida
train,train/images/vermicelli-169_png.rf.e83d254282c54f0160649b49a935749e.jpg,train/labels/vermicelli-169_png.rf.e83d254282c54f0160649b49a935749e.txt,vermicelli
train,train/images/Atta-92_png.rf.21826333ec704620292fdd12dd7ab683.jpg,train/labels/Atta-92_png.rf.21826333ec704620292fdd12dd7ab683.txt,atta
train,train/images/vermicelli-123_png.rf.bf45c9e3e0001b5af98de2e8fa224242.jpg,train/labels/vermicelli-123_png.rf.bf45c9e3e0001b5af98de2e8fa224242.txt,vermicelli
train,train/images/Atta-23_png.rf.139ef72147e9d187eaad5b4eb20215a5.jpg,train/labels/Atta-23_png.rf.139ef72147e9d187eaad5b4eb20215a5.txt,maida
train,train/images/maida-174_png.rf.6a7fe53e89bfa7a81f091c2685a83118.jpg,train/labels/maida-174_png.rf.6a7fe53e89bfa7a81f091c2685a83118.txt,maida
train,train/images/maida-163_png.rf.ff0d34eaaf4c48301227187fdd41c1d9.jpg,train/labels/maida-163_png.rf.ff0d34eaaf4c48301227187fdd41c1d9.txt,atta
train,train/images/vermicelli-75_png.rf.dfa93f193bbd9a9c096df82771e81c4f.jpg,train/labels/vermicelli-75_png.rf.dfa93f193bbd9a9c096df82771e81c4f.txt,vermicelli
train,train/images/vermicelli-246_png.rf.ca901a3392cc6d20bd6e956212dda5b3.jpg,train/labels/vermicelli-246_png.rf.ca901a3392cc6d20bd6e956212dda5b3.txt,vermicelli
train,train/images/maida-159_png.rf.5f551ba5eea919da435b23a14b4fb265.jpg,train/labels/maida-159_png.rf.5f551ba5eea919da435b23a14b4fb265.txt,maida
train,train/images/vermicelli-267_png.rf.8ff3f59c4ba832989f9c0421d26156e4.jpg,train/labels/vermicelli-267_png.rf.8ff3f59c4ba832989f9c0421d26156e4.txt,vermicelli
train,train/images/Atta-225_png.rf.407df49bc77d1074b5a504ddb7db6424.jpg,train/labels/Atta-225_png.rf.407df49bc77d1074b5a504ddb7db6424.txt,atta
train,train/images/vermicelli-101_png.rf.39358182a3a698dcf6bc9cdd0c8d1391.jpg,train/labels/vermicelli-101_png.rf.39358182a3a698dcf6bc9cdd0c8d1391.txt,vermicelli
train,train/images/vermicelli-226_png.rf.f76f76de9ccceea0b44a437f97587725.jpg,train/labels/vermicelli-226_png.rf.f76f76de9ccceea0b44a437f97587725.txt,vermicelli
train,train/images/maida-7_png.rf.e1b3d781786a5a704465cb21c24b59ea.jpg,train/labels/maida-7_png.rf.e1b3d781786a5a704465cb21c24b59ea.txt,maida
train,train/images/vermicelli-154_png.rf.b1d78666a67cc0046ecc39f59c4dd1ab.jpg,train/labels/vermicelli-154_png.rf.b1d78666a67cc0046ecc39f59c4dd1ab.txt,vermicelli
train,train/images/vermicelli-243_png.rf.a56b1ec8e653d819ec1445e73bfd8ae9.jpg,train/labels/vermicelli-243_png.rf.a56b1ec8e653d819ec1445e73bfd8ae9.txt,vermicelli
train,train/images/vermicelli-119_png.rf.f918a0386b62f291ab8e6ea35c8b48f0.jpg,train/labels/vermicelli-119_png.rf.f918a0386b62f291ab8e6ea35c8b48f0.txt,vermicelli
train,train/images/Atta-7_png.rf.b68bed8918ad0fadda7928263a64e323.jpg,train/labels/Atta-7_png.rf.b68bed8918ad0fadda7928263a64e323.txt,atta
train,train/images/Atta-4_png.rf.6e686ad53b15b2b3d88bec6215ddd31d.jpg,train/labels/Atta-4_png.rf.6e686ad53b15b2b3d88bec6215ddd31d.txt,atta
train,train/images/maida-102_png.rf.ccdfa57b000377c3581e92d851b38bab.jpg,train/labels/maida-102_png.rf.ccdfa57b000377c3581e92d851b38bab.txt,atta
train,train/images/Atta-166_png.rf.651fff8eb63bbe8436dfa7b93e32f8d9.jpg,train/labels/Atta-166_png.rf.651fff8eb63bbe8436dfa7b93e32f8d9.txt,atta
train,train/images/vermicelli-220_png.rf.45521971454bf986f4e2d7e31dcf94a4.jpg,train/labels/vermicelli-220_png.rf.45521971454bf986f4e2d7e31dcf94a4.txt,vermicelli
train,train/images/vermicelli-235_png.rf.a91a9bfd13706e7b9606ac72b65c812d.jpg,train/labels/vermicelli-235_png.rf.a91a9bfd13706e7b9606ac72b65c812d.txt,vermicelli
train,train/images/maida-25_png.rf.46d99b0611e2cdccfba935a8253d857a.jpg,train/labels/maida-25_png.rf.46d99b0611e2cdccfba935a8253d857a.txt,maida
train,train/images/Atta-76_png.rf.b964a960582423c7ad1bacd83c656c2c.jpg,train/labels/Atta-76_png.rf.b964a960582423c7ad1bacd83c656c2c.txt,maida
train,train/images/vermicelli-96_png.rf.acf9e7f43ff53031f485f9c667d08949.jpg,train/labels/vermicelli-96_png.rf.acf9e7f43ff53031f485f9c667d08949.txt,vermicelli
train,train/images/maida-66_png.rf.2c4b5fcb27a6271929c172908c291f68.jpg,train/labels/maida-66_png.rf.2c4b5fcb27a6271929c172908c291f68.txt,maida
train,train/images/vermicelli-285_png.rf.02ba549cb93458c49d50650620a517d9.jpg,train/labels/vermicelli-285_png.rf.02ba549cb93458c49d50650620a517d9.txt,vermicelli
train,train/images/vermicelli-143_png.rf.07e45d87ec87ebff7a2356834f4ee653.jpg,train/labels/vermicelli-143_png.rf.07e45d87ec87ebff7a2356834f4ee653.txt,vermicelli
train,train/images/vermicelli-45_png.rf.17e6041dfe5c1e8405b3376b06870f4b.jpg,train/labels/vermicelli-45_png.rf.17e6041dfe5c1e8405b3376b06870f4b.txt,vermicelli
train,train/images/Atta-130_png.rf.39d97ce3daa4d0cd97d9f4f5937127c9.jpg,train/labels/Atta-130_png.rf.39d97ce3daa4d0cd97d9f4f5937127c9.txt,atta
train,train/images/Atta-66_png.rf.6cc5bd299597f42998da6aef6168b833.jpg,train/labels/Atta-66_png.rf.6cc5bd299597f42998da6aef6168b833.txt,maida
train,train/images/Atta-157_png.rf.75919af0fa5e583de83a71b577afeb70.jpg,train/labels/Atta-157_png.rf.75919af0fa5e583de83a71b577afeb70.txt,"atta,maida"
train,train/images/Atta-87_png.rf.7877f45c442b07f9ae8044bbb948d6b7.jpg,train/labels/Atta-87_png.rf.7877f45c442b07f9ae8044bbb948d6b7.txt,atta
train,train/images/vermicelli-33_png.rf.f87628f623c37f87bf56e087664b5150.jpg,train/labels/vermicelli-33_png.rf.f87628f623c37f87bf56e087664b5150.txt,vermicelli
train,train/images/maida-271_png.rf.35dffd36905c0625cb149752a91a3af7.jpg,train/labels/maida-271_png.rf.35dffd36905c0625cb149752a91a3af7.txt,maida
train,train/images/vermicelli-170_png.rf.80f02bc06bccbe3b86a1ab1e1853834b.jpg,train/labels/vermicelli-170_png.rf.80f02bc06bccbe3b86a1ab1e1853834b.txt,vermicelli
train,train/images/Atta-218_png.rf.32b05a942eadd0383937a6a2cb0a5f4a.jpg,train/labels/Atta-218_png.rf.32b05a942eadd0383937a6a2cb0a5f4a.txt,atta
train,train/images/vermicelli-46_png.rf.92947a45b8148c2b16d44eb2c973b5d9.jpg,train/labels/vermicelli-46_png.rf.92947a45b8148c2b16d44eb2c973b5d9.txt,vermicelli
train,train/images/maida-52_png.rf.4fc5c265d7a28cbcd71295e8d0b4a266.jpg,train/labels/maida-52_png.rf.4fc5c265d7a28cbcd71295e8d0b4a266.txt,maida
train,train/images/vermicelli-184_png.rf.a131dc4b0c5f01e64c0e6acf07869764.jpg,train/labels/vermicelli-184_png.rf.a131dc4b0c5f01e64c0e6acf07869764.txt,vermicelli
train,train/images/Atta-22_png.rf.b1947931fb32c20783920d38bc9c80ed.jpg,train/labels/Atta-22_png.rf.b1947931fb32c20783920d38bc9c80ed.txt,atta
train,train/images/vermicelli-43_png.rf.f4520203e11106981da2cd84124064e3.jpg,train/labels/vermicelli-43_png.rf.f4520203e11106981da2cd84124064e3.txt,vermicelli
train,train/images/Atta-13_png.rf.9138060a0b67cfd53375f0277327e730.jpg,train/labels/Atta-13_png.rf.9138060a0b67cfd53375f0277327e730.txt,atta
train,train/images/Atta-268_png.rf.bcf44e6ff7130b4fe6b278a7fe665fde.jpg,train/labels/Atta-268_png.rf.bcf44e6ff7130b4fe6b278a7fe665fde.txt,atta
train,train/images/Atta-241_png.rf.60196b6ac450de69dad6b547d69c13b6.jpg,train/labels/Atta-241_png.rf.60196b6ac450de69dad6b547d69c13b6.txt,atta
train,train/images/vermicelli-183_png.rf.24993b6b34e71abfdec45c04e6f8f445.jpg,train/labels/vermicelli-183_png.rf.24993b6b34e71abfdec45c04e6f8f445.txt,vermicelli
train,train/images/vermicelli-161_png.rf.e21be1d4e0add3259c1b9918d2b8b3c5.jpg,train/labels/vermicelli-161_png.rf.e21be1d4e0add3259c1b9918d2b8b3c5.txt,vermicelli
train,train/images/maida-241_png.rf.8fde2ea5e462fdc37603123369a45de7.jpg,train/labels/maida-241_png.rf.8fde2ea5e462fdc37603123369a45de7.txt,maida
train,train/images/maida-113_png.rf.49981ef95e05883f3d7cd3b25ca19691.jpg,train/labels/maida-113_png.rf.49981ef95e05883f3d7cd3b25ca19691.txt,"atta,maida"
train,train/images/Atta-196_png.rf.43c8fd07b21a27d1489fd7ff7efe1187.jpg,train/labels/Atta-196_png.rf.43c8fd07b21a27d1489fd7ff7efe1187.txt,atta
train,train/images/Atta-52_png.rf.c4b57ce57c3b446153aca1e9b7d69783.jpg,train/labels/Atta-52_png.rf.c4b57ce57c3b446153aca1e9b7d69783.txt,"atta,maida"
train,train/images/maida-132_png.rf.c1de0db20b64b417be38d41828321070.jpg,train/labels/maida-132_png.rf.c1de0db20b64b417be38d41828321070.txt,atta
train,train/images/maida-33_png.rf.d8b8b53f15bd9780a70fa7a3649cc183.jpg,train/labels/maida-33_png.rf.d8b8b53f15bd9780a70fa7a3649cc183.txt,maida
train,train/images/vermicelli-11_png.rf.b2e030e5b6cce55b7601ba0c55ae5d08.jpg,train/labels/vermicelli-11_png.rf.b2e030e5b6cce55b7601ba0c55ae5d08.txt,vermicelli
train,train/images/vermicelli-12_png.rf.1a18e4603c696c76b25f4aaded5f1af8.jpg,train/labels/vermicelli-12_png.rf.1a18e4603c696c76b25f4aaded5f1af8.txt,vermicelli
train,train/images/vermicelli-88_png.rf.7192a637513840c0f07048f0f8517ca3.jpg,train/labels/vermicelli-88_png.rf.7192a637513840c0f07048f0f8517ca3.txt,vermicelli
train,train/images/maida-62_png.rf.2a2546e2cb5d0e659e53478dda92b1c0.jpg,train/labels/maida-62_png.rf.2a2546e2cb5d0e659e53478dda92b1c0.txt,atta
train,train/images/vermicelli-250_png.rf.0db54953bc314c6e3c03d72dcec2e230.jpg,train/labels/vermicelli-250_png.rf.0db54953bc314c6e3c03d72dcec2e230.txt,vermicelli
train,train/images/Atta-11_png.rf.ef2929ebb59de4efdc03c35e85ee5845.jpg,train/labels/Atta-11_png.rf.ef2929ebb59de4efdc03c35e85ee5845.txt,atta
train,train/images/Atta-254_png.rf.f4102670529ed32206a19614465fe196.jpg,train/labels/Atta-254_png.rf.f4102670529ed32206a19614465fe196.txt,"atta,maida"
train,train/images/maida-91_png.rf.a9ae5b20fef4faad7175324dc7462aa1.jpg,train/labels/maida-91_png.rf.a9ae5b20fef4faad7175324dc7462aa1.txt,atta
train,train/images/Atta-264_png.rf.7cc83a02e7a317a36ba088268568aa26.jpg,train/labels/Atta-264_png.rf.7cc83a02e7a317a36ba088268568aa26.txt,atta
train,train/images/Atta-276_png.rf.2b0356be57b4a4a663b6d893708f6924.jpg,train/labels/Atta-276_png.rf.2b0356be57b4a4a663b6d893708f6924.txt,maida
train,train/images/Atta-164_png.rf.50bcdf05e2f25daaa163794051a90c09.jpg,train/labels/Atta-164_png.rf.50bcdf05e2f25daaa163794051a90c09.txt,atta
train,train/images/vermicelli-135_png.rf.f32a72aa3a966ad39545e0778f9801d9.jpg,train/labels/vermicelli-135_png.rf.f32a72aa3a966ad39545e0778f9801d9.txt,vermicelli
train,train/images/Atta-271_png.rf.c7d127403c2944fb00c5fa6e4f9964bc.jpg,train/labels/Atta-271_png.rf.c7d127403c2944fb00c5fa6e4f9964bc.txt,atta
train,train/images/vermicelli-16_png.rf.1fc8f1e33f0a458c215a2949f4fbb9ac.jpg,train/labels/vermicelli-16_png.rf.1fc8f1e33f0a458c215a2949f4fbb9ac.txt,vermicelli
train,train/images/maida-97_png.rf.7ef08f701b02dfa66c596aaf93cd34f7.jpg,train/labels/maida-97_png.rf.7ef08f701b02dfa66c596aaf93cd34f7.txt,"atta,maida"
train,train/images/Atta-40_png.rf.08cb64bcd0204b0b46d8d898cd3b5d5d.jpg,train/labels/Atta-40_png.rf.08cb64bcd0204b0b46d8d898cd3b5d5d.txt,atta
train,train/images/vermicelli-30_png.rf.1444626d0bd9851d57b6a994e0e29111.jpg,train/labels/vermicelli-30_png.rf.1444626d0bd9851d57b6a994e0e29111.txt,vermicelli
train,train/images/vermicelli-68_png.rf.8d778270ed0a9b407562878e5b408d35.jpg,train/labels/vermicelli-68_png.rf.8d778270ed0a9b407562878e5b408d35.txt,vermicelli
train,train/images/maida-308_png.rf.b81b8a5551d694a8a626f5a4aabad652.jpg,train/labels/maida-308_png.rf.b81b8a5551d694a8a626f5a4aabad652.txt,"atta,maida"
train,train/images/Atta-269_png.rf.4c0e1a815a295329f47c1257ea7c8a18.jpg,train/labels/Atta-269_png.rf.4c0e1a815a295329f47c1257ea7c8a18.txt,atta
train,train/images/Atta-55_png.rf.e7940bae008a455b7e7cf8387c1f14fa.jpg,train/labels/Atta-55_png.rf.e7940bae008a455b7e7cf8387c1f14fa.txt,maida
train,train/images/vermicelli-4_png.rf.fbbbc882cc6e4d92f7effeefabcfac97.jpg,train/labels/vermicelli-4_png.rf.fbbbc882cc6e4d92f7effeefabcfac97.txt,vermicelli
train,train/images/maida-11_png.rf.da803a3f0e5d3db986b0cef232735d64.jpg,train/labels/maida-11_png.rf.da803a3f0e5d3db986b0cef232735d64.txt,maida
train,train/images/maida-129_png.rf.563a5215a2af586bd599e8db0f2df995.jpg,train/labels/maida-129_png.rf.563a5215a2af586bd599e8db0f2df995.txt,maida
train,train/images/Atta-168_png.rf.ac9549c5d23fd9965e982ad4b5493d1b.jpg,train/labels/Atta-168_png.rf.ac9549c5d23fd9965e982ad4b5493d1b.txt,maida
train,train/images/maida-160_png.rf.d98fc1284459efa0c0f0c0434461f2b1.jpg,train/labels/maida-160_png.rf.d98fc1284459efa0c0f0c0434461f2b1.txt,maida
train,train/images/Atta-220_png.rf.41863ca0e9a46eeccb77b2817d9ffb32.jpg,train/labels/Atta-220_png.rf.41863ca0e9a46eeccb77b2817d9ffb32.txt,atta
train,train/images/maida-187_png.rf.f42ce45ce386a922b28c8c6fff428bbc.jpg,train/labels/maida-187_png.rf.f42ce45ce386a922b28c8c6fff428bbc.txt,maida
train,train/images/maida-53_png.rf.de55a4a1672535503db91b9886a4277d.jpg,train/labels/maida-53_png.rf.de55a4a1672535503db91b9886a4277d.txt,maida
train,train/images/vermicelli-244_png.rf.9f875eaf884a4c667b7a41287affc4fa.jpg,train/labels/vermicelli-244_png.rf.9f875eaf884a4c667b7a41287affc4fa.txt,vermicelli
train,train/images/Atta-65_png.rf.e7494e01d731b167585fa19e559d7e29.jpg,train/labels/Atta-65_png.rf.e7494e01d731b167585fa19e559d7e29.txt,maida
train,train/images/vermicelli-76_png.rf.653884fde6c396ceec0b8c78177ef8ca.jpg,train/labels/vermicelli-76_png.rf.653884fde6c396ceec0b8c78177ef8ca.txt,vermicelli
train,train/images/vermicelli-234_png.rf.dbece233070c8575751001dc5e121d98.jpg,train/labels/vermicelli-234_png.rf.dbece233070c8575751001dc5e121d98.txt,vermicelli
train,train/images/vermicelli-239_png.rf.840f192a4c820cf0a473528f2962ede5.jpg,train/labels/vermicelli-239_png.rf.840f192a4c820cf0a473528f2962ede5.txt,vermicelli
train,train/images/Atta-180_png.rf.26c9083feb339b81e22ff927153424b9.jpg,train/labels/Atta-180_png.rf.26c9083feb339b81e22ff927153424b9.txt,"atta,maida"
train,train/images/vermicelli-215_png.rf.4aa91a73e4623fe39b24122323ea4931.jpg,train/labels/vermicelli-215_png.rf.4aa91a73e4623fe39b24122323ea4931.txt,vermicelli
train,train/images/vermicelli-140_png.rf.534ae4083e25bdf35a6a616a24ac9078.jpg,train/labels/vermicelli-140_png.rf.534ae4083e25bdf35a6a616a24ac9078.txt,vermicelli
train,train/images/Atta-219_png.rf.320578991db10313e6c7acb44467a9ea.jpg,train/labels/Atta-219_png.rf.320578991db10313e6c7acb44467a9ea.txt,atta
train,train/images/vermicelli-69_png.rf.adb0e67f1a5eb75b6b69b05ef6a77259.jpg,train/labels/vermicelli-69_png.rf.adb0e67f1a5eb75b6b69b05ef6a77259.txt,vermicelli
train,train/images/maida-208_png.rf.903f6020ceab3dcd57947d8a52ff5e44.jpg,train/labels/maida-208_png.rf.903f6020ceab3dcd57947d8a52ff5e44.txt,maida
train,train/images/maida-36_png.rf.6e2d58899ebfd3e5a5e2041c8079c5b7.jpg,train/labels/maida-36_png.rf.6e2d58899ebfd3e5a5e2041c8079c5b7.txt,atta
train,train/images/vermicelli-25_png.rf.8b50de6b5172629f8b2c7c4aea13a410.jpg,train/labels/vermicelli-25_png.rf.8b50de6b5172629f8b2c7c4aea13a410.txt,vermicelli
train,train/images/vermicelli-212_png.rf.a6ff7e10a338f378d6c707dab14b3fa6.jpg,train/labels/vermicelli-212_png.rf.a6ff7e10a338f378d6c707dab14b3fa6.txt,vermicelli
train,train/images/vermicelli-158_png.rf.63bb36856e48e11a69860f54c5b2e2b8.jpg,train/labels/vermicelli-158_png.rf.63bb36856e48e11a69860f54c5b2e2b8.txt,vermicelli
train,train/images/Atta-270_png.rf.f9be01262336b6b8629399d2287e6e14.jpg,train/labels/Atta-270_png.rf.f9be01262336b6b8629399d2287e6e14.txt,atta
train,train/images/Atta-212_png.rf.58392fb7f6f52363609ea7f035f6f3a7.jpg,train/labels/Atta-212_png.rf.58392fb7f6f52363609ea7f035f6f3a7.txt,maida
train,train/images/vermicelli-64_png.rf.fd5fe79ae0a3ccb2b0c993bbe0b3173a.jpg,train/labels/vermicelli-64_png.rf.fd5fe79ae0a3ccb2b0c993bbe0b3173a.txt,vermicelli
train,train/images/maida-118_png.rf.64c956189b54a5af225cff5b32ac40f5.jpg,train/labels/maida-118_png.rf.64c956189b54a5af225cff5b32ac40f5.txt,maida
valid,valid/images/vermicelli-245_png.rf.53625aa7a9f3df7b6d3f7106bdf7cb9d.jpg,valid/labels/vermicelli-245_png.rf.53625aa7a9f3df7b6d3f7106bdf7cb9d.txt,vermicelli
valid,valid/images/vermicelli-156_png.rf.da86e12b4600f74ee6768d70b346e482.jpg,valid/labels/vermicelli-156_png.rf.da86e12b4600f74ee6768d70b346e482.txt,vermicelli
valid,valid/images/Atta-8_png.rf.126373fb137423c07fb6731fd8c0b773.jpg,valid/labels/Atta-8_png.rf.126373fb137423c07fb6731fd8c0b773.txt,maida
valid,valid/images/maida-305_png.rf.8125c80e30b7fb1bcff17dcdd6c24739.jpg,valid/labels/maida-305_png.rf.8125c80e30b7fb1bcff17dcdd6c24739.txt,maida
valid,valid/images/Atta-249_png.rf.2149df7a52a9e6f25867fb5b2e987b2a.jpg,valid/labels/Atta-249_png.rf.2149df7a52a9e6f25867fb5b2e987b2a.txt,atta
valid,valid/images/Atta-148_png.rf.2df1f7804d47c2a189b3e4686f1ddba5.jpg,valid/labels/Atta-148_png.rf.2df1f7804d47c2a189b3e4686f1ddba5.txt,"atta,maida"
valid,valid/images/maida-242_png.rf.8c2cf1f64abab455a3c4d68c913b43a1.jpg,valid/labels/maida-242_png.rf.8c2cf1f64abab455a3c4d68c913b43a1.txt,"atta,maida"
valid,valid/images/vermicelli-79_png.rf.202ea9ba3b41af3059da6f6fbfc4802c.jpg,valid/labels/vermicelli-79_png.rf.202ea9ba3b41af3059da6f6fbfc4802c.txt,vermicelli
valid,valid/images/maida-109_png.rf.2fe4593e680d5f6b58e3372d6d13e4d7.jpg,valid/labels/maida-109_png.rf.2fe4593e680d5f6b58e3372d6d13e4d7.txt,maida
valid,valid/images/vermicelli-149_png.rf.dfbd1f882346228490afc1dd1b3cecc9.jpg,valid/labels/vermicelli-149_png.rf.dfbd1f882346228490afc1dd1b3cecc9.txt,vermicelli
valid,valid/images/vermicelli-189_png.rf.b5b469634abb7cdf08820ef659c9751d.jpg,valid/labels/vermicelli-189_png.rf.b5b469634abb7cdf08820ef659c9751d.txt,vermicelli
valid,valid/images/Atta-146_png.rf.89389b5a29b95e58d95748f185b3ab96.jpg,valid/labels/Atta-146_png.rf.89389b5a29b95e58d95748f185b3ab96.txt,"atta,maida"
valid,valid/images/maida-204_png.rf.5717485957c60586a0cf12a8e7bbfa61.jpg,valid/labels/maida-204_png.rf.5717485957c60586a0cf12a8e7bbfa61.txt,maida
valid,valid/images/maida-126_png.rf.c0ab9cda270df1cb23fb5d4116da0c8e.jpg,valid/labels/maida-126_png.rf.c0ab9cda270df1cb23fb5d4116da0c8e.txt,"atta,maida"
valid,valid/images/maida-38_png.rf.fca5e2b2edc82c7fc878e067bd7725a4.jpg,valid/labels/maida-38_png.rf.fca5e2b2edc82c7fc878e067bd7725a4.txt,atta
valid,valid/images/Atta-98_png.rf.1562bc3d17b80c34ffa4c9b22fcb951e.jpg,valid/labels/Atta-98_png.rf.1562bc3d17b80c34ffa4c9b22fcb951e.txt,atta
valid,valid/images/vermicelli-5_png.rf.c5ffd8e91f8e0c35f2c0bf741c5a1607.jpg,valid/labels/vermicelli-5_png.rf.c5ffd8e91f8e0c35f2c0bf741c5a1607.txt,vermicelli
valid,valid/images/vermicelli-242_png.rf.9c114374720a9f14f795c78a26e21869.jpg,valid/labels/vermicelli-242_png.rf.9c114374720a9f14f795c78a26e21869.txt,vermicelli
valid,valid/images/Atta-94_png.rf.333f4330193552a16d9eefbd2031e4a8.jpg,valid/labels/Atta-94_png.rf.333f4330193552a16d9eefbd2031e4a8.txt,"atta,maida"
valid,valid/images/maida-137_png.rf.77b6bb1a156788cd961ed397430a6b93.jpg,valid/labels/maida-137_png.rf.77b6bb1a156788cd961ed397430a6b93.txt,maida
valid,valid/images/vermicelli-127_png.rf.b94b0c0e1745c71d093323218338021c.jpg,valid/labels/vermicelli-127_png.rf.b94b0c0e1745c71d093323218338021c.txt,vermicelli
valid,valid/images/vermicelli-225_png.rf.eda28ba0ec6ece85ee187939f952cb60.jpg,valid/labels/vermicelli-225_png.rf.eda28ba0ec6ece85ee187939f952cb60.txt,vermicelli
valid,valid/images/Atta-154_png.rf.dc3423f96b206da59f07d07e3ed282c4.jpg,valid/labels/Atta-154_png.rf.dc3423f96b206da59f07d07e3ed282c4.txt,atta
valid,valid/images/vermicelli-150_png.rf.353b35130991f74718bf15f82c5be01c.jpg,valid/labels/vermicelli-150_png.rf.353b35130991f74718bf15f82c5be01c.txt,vermicelli
valid,valid/images/maida-34_png.rf.bb05c42cc1afaa3278235e9a4944b5f5.jpg,valid/labels/maida-34_png.rf.bb05c42cc1afaa3278235e9a4944b5f5.txt,maida
valid,valid/images/vermicelli-219_png.rf.fa81db0831f7046c2756120896f53e25.jpg,valid/labels/vermicelli-219_png.rf.fa81db0831f7046c2756120896f53e25.txt,vermicelli
valid,valid/images/maida-64_png.rf.5f8140fbefd05d9996fe7d33469e295b.jpg,valid/labels/maida-64_png.rf.5f8140fbefd05d9996fe7d33469e295b.txt,atta
valid,valid/images/vermicelli-56_png.rf.b144327cfba527aef9a777c9ca3f7a67.jpg,valid/labels/vermicelli-56_png.rf.b144327cfba527aef9a777c9ca3f7a67.txt,vermicelli
valid,valid/images/vermicelli-78_png.rf.fcc5f2cef11939b34145925a2a9242ad.jpg,valid/labels/vermicelli-78_png.rf.fcc5f2cef11939b34145925a2a9242ad.txt,vermicelli
valid,valid/images/vermicelli-160_png.rf.68b6ac355205aa981938b2450a5b525f.jpg,valid/labels/vermicelli-160_png.rf.68b6ac355205aa981938b2450a5b525f.txt,vermicelli
valid,valid/images/Atta-176_png.rf.1ff2756564fd755a787bf4baeb7fc227.jpg,valid/labels/Atta-176_png.rf.1ff2756564fd755a787bf4baeb7fc227.txt,maida
valid,valid/images/vermicelli-113_png.rf.b79e1185041905edb83dd13896c35e0b.jpg,valid/labels/vermicelli-113_png.rf.b79e1185041905edb83dd13896c35e0b.txt,vermicelli
valid,valid/images/maida-192_png.rf.8c7b73de0a5228ab3eb85e185ee02746.jpg,valid/labels/maida-192_png.rf.8c7b73de0a5228ab3eb85e185ee02746.txt,"atta,maida"
valid,valid/images/maida-49_png.rf.02ac74913d6f69d0511ca118d77e184a.jpg,valid/labels/maida-49_png.rf.02ac74913d6f69d0511ca118d77e184a.txt,maida
valid,valid/images/maida-44_png.rf.5b333647a348a09e9d6d8d1fd3f31c8f.jpg,valid/labels/maida-44_png.rf.5b333647a348a09e9d6d8d1fd3f31c8f.txt,maida
valid,valid/images/Atta-88_png.rf.c3bdfc52066adb744a7ee8453689461c.jpg,valid/labels/Atta-88_png.rf.c3bdfc52066adb744a7ee8453689461c.txt,atta
valid,valid/images/maida-200_png.rf.3ca5bfcef616aef772505c6637c533ce.jpg,valid/labels/maida-200_png.rf.3ca5bfcef616aef772505c6637c533ce.txt,maida
valid,valid/images/maida-110_png.rf.f7953611afd99279cbc187b51613e32d.jpg,valid/labels/maida-110_png.rf.f7953611afd99279cbc187b51613e32d.txt,maida
valid,valid/images/vermicelli-59_png.rf.86520c019cc31d6d31ee35c3e1200b4f.jpg,valid/labels/vermicelli-59_png.rf.86520c019cc31d6d31ee35c3e1200b4f.txt,vermicelli
valid,valid/images/vermicelli-49_png.rf.0021466223e56fac68490025011973c4.jpg,valid/labels/vermicelli-49_png.rf.0021466223e56fac68490025011973c4.txt,vermicelli
valid,valid/images/vermicelli-99_png.rf.6b2c87830fda05cee5bfeb144a822b24.jpg,valid/labels/vermicelli-99_png.rf.6b2c87830fda05cee5bfeb144a822b24.txt,vermicelli
valid,valid/images/vermicelli-129_png.rf.461666ab91d6b2105089f22e924348f7.jpg,valid/labels/vermicelli-129_png.rf.461666ab91d6b2105089f22e924348f7.txt,vermicelli
valid,valid/images/Atta-202_png.rf.87f468ba1ac861541eef511192cee06b.jpg,valid/labels/Atta-202_png.rf.87f468ba1ac861541eef511192cee06b.txt,atta
valid,valid/images/Atta-211_png.rf.2e494b36690c7a48e24eddc630815412.jpg,valid/labels/Atta-211_png.rf.2e494b36690c7a48e24eddc630815412.txt,atta
valid,valid/images/maida-71_png.rf.e990fe0a413df953ac7d8b31c8a5929d.jpg,valid/labels/maida-71_png.rf.e990fe0a413df953ac7d8b31c8a5929d.txt,maida
valid,valid/images/maida-18_png.rf.c4394a45fbee6c430083642a61243a21.jpg,valid/labels/maida-18_png.rf.c4394a45fbee6c430083642a61243a21.txt,maida
valid,valid/images/maida-179_png.rf.ef21ad69ed77ae867c53af64528d4dbf.jpg,valid/labels/maida-179_png.rf.ef21ad69ed77ae867c53af64528d4dbf.txt,maida
valid,valid/images/vermicelli-251_png.rf.547e52c1da09b99ff79465855b2b245e.jpg,valid/labels/vermicelli-251_png.rf.547e52c1da09b99ff79465855b2b245e.txt,vermicelli
valid,valid/images/vermicelli-91_png.rf.2e26858dfaafe6571a73bb37dedea9d8.jpg,valid/labels/vermicelli-91_png.rf.2e26858dfaafe6571a73bb37dedea9d8.txt,vermicelli
valid,valid/images/maida-72_png.rf.ef65dbd33e389cefeb99c29c2d2e04cd.jpg,valid/labels/maida-72_png.rf.ef65dbd33e389cefeb99c29c2d2e04cd.txt,maida
valid,valid/images/Atta-227_png.rf.7658450b3fafdb02c5c33472bf769e84.jpg,valid/labels/Atta-227_png.rf.7658450b3fafdb02c5c33472bf769e84.txt,atta
valid,valid/images/maida-234_png.rf.08b020f98d87f6728ed3cb6c3a1a0f8b.jpg,valid/labels/maida-234_png.rf.08b020f98d87f6728ed3cb6c3a1a0f8b.txt,maida
valid,valid/images/maida-176_png.rf.f55666bbb84b9ab0b8510edd3a613d6e.jpg,valid/labels/maida-176_png.rf.f55666bbb84b9ab0b8510edd3a613d6e.txt,atta
valid,valid/images/vermicelli-72_png.rf.96f44c15152a838cf711776d3b713ec3.jpg,valid/labels/vermicelli-72_png.rf.96f44c15152a838cf711776d3b713ec3.txt,vermicelli
valid,valid/images/Atta-15_png.rf.acbb000fae344d278225ecb38f6f74e9.jpg,valid/labels/Atta-15_png.rf.acbb000fae344d278225ecb38f6f74e9.txt,atta
valid,valid/images/maida-227_png.rf.bbea19f8389f1caa77b353132528c813.jpg,valid/labels/maida-227_png.rf.bbea19f8389f1caa77b353132528c813.txt,atta
valid,valid/images/vermicelli-204_png.rf.38616e88fbe1d225968bdf482d128a9f.jpg,valid/labels/vermicelli-204_png.rf.38616e88fbe1d225968bdf482d128a9f.txt,vermicelli
valid,valid/images/vermicelli-213_png.rf.e5be664d467126bc415e2747d09972fe.jpg,valid/labels/vermicelli-213_png.rf.e5be664d467126bc415e2747d09972fe.txt,vermicelli
valid,valid/images/vermicelli-144_png.rf.087944857dde64861d561ea788501d12.jpg,valid/labels/vermicelli-144_png.rf.087944857dde64861d561ea788501d12.txt,vermicelli
valid,valid/images/maida-170_png.rf.4b5905401130794104a5d3f31291c96d.jpg,valid/labels/maida-170_png.rf.4b5905401130794104a5d3f31291c96d.txt,maida
valid,valid/images/vermicelli-92_png.rf.03aa8fce2126ddf0c36b89dc61ff7d98.jpg,valid/labels/vermicelli-92_png.rf.03aa8fce2126ddf0c36b89dc61ff7d98.txt,vermicelli
valid,valid/images/maida-20_png.rf.bf2a9e17d854a23555eef2d969d52f3e.jpg,valid/labels/maida-20_png.rf.bf2a9e17d854a23555eef2d969d52f3e.txt,atta
valid,valid/images/vermicelli-17_png.rf.6bde26c70d5414319e0ec640b136181f.jpg,valid/labels/vermicelli-17_png.rf.6bde26c70d5414319e0ec640b136181f.txt,vermicelli
valid,valid/images/maida-22_png.rf.86d79cb7c5df5a6796f1f03f2b62bd78.jpg,valid/labels/maida-22_png.rf.86d79cb7c5df5a6796f1f03f2b62bd78.txt,maida
valid,valid/images/Atta-106_png.rf.976ab1962cf8084c836a83ae1bfdc77e.jpg,valid/labels/Atta-106_png.rf.976ab1962cf8084c836a83ae1bfdc77e.txt,atta
valid,valid/images/vermicelli-121_png.rf.32b31903e7940f941532de2c51be41bc.jpg,valid/labels/vermicelli-121_png.rf.32b31903e7940f941532de2c51be41bc.txt,vermicelli
valid,valid/images/vermicelli-162_png.rf.8b3ef6720514085795e062be7e9e09ca.jpg,valid/labels/vermicelli-162_png.rf.8b3ef6720514085795e062be7e9e09ca.txt,vermicelli
valid,valid/images/vermicelli-114_png.rf.02d9f17fbbad2c68b95e493b978c2145.jpg,valid/labels/vermicelli-114_png.rf.02d9f17fbbad2c68b95e493b978c2145.txt,vermicelli
valid,valid/images/vermicelli-241_png.rf.71d597ada9f596b124cc55c51c9be53d.jpg,valid/labels/vermicelli-241_png.rf.71d597ada9f596b124cc55c51c9be53d.txt,vermicelli
valid,valid/images/maida-90_png.rf.6c7c61001f7ee1dfe8c630c8779ca31c.jpg,valid/labels/maida-90_png.rf.6c7c61001f7ee1dfe8c630c8779ca31c.txt,maida
valid,valid/images/maida-67_png.rf.51822776b4e7ebf7608ad0b2046909c7.jpg,valid/labels/maida-67_png.rf.51822776b4e7ebf7608ad0b2046909c7.txt,maida
valid,valid/images/maida-35_png.rf.6e92ea892c6ecc59428f530971a87178.jpg,valid/labels/maida-35_png.rf.6e92ea892c6ecc59428f530971a87178.txt,atta
valid,valid/images/Atta-109_png.rf.8bff97b7390b9743ab4ee3858de4cbe4.jpg,valid/labels/Atta-109_png.rf.8bff97b7390b9743ab4ee3858de4cbe4.txt,atta
valid,valid/images/Atta-223_png.rf.a2062134025ef5bf863fd080cba1adeb.jpg,valid/labels/Atta-223_png.rf.a2062134025ef5bf863fd080cba1adeb.txt,atta
valid,valid/images/maida-42_png.rf.a8fc11544ff22a336d8f55f027b5241c.jpg,valid/labels/maida-42_png.rf.a8fc11544ff22a336d8f55f027b5241c.txt,maida
valid,valid/images/vermicelli-103_png.rf.eb42ed3ab64c7ae5c167dbc1bd975663.jpg,valid/labels/vermicelli-103_png.rf.eb42ed3ab64c7ae5c167dbc1bd975663.txt,vermicelli
valid,valid/images/vermicelli-139_png.rf.5b5a52c55bddc6bda71a51906eb4c347.jpg,valid/labels/vermicelli-139_png.rf.5b5a52c55bddc6bda71a51906eb4c347.txt,vermicelli
valid,valid/images/Atta-189_png.rf.0942e19a9d3afc00c006adda65c376c3.jpg,valid/labels/Atta-189_png.rf.0942e19a9d3afc00c006adda65c376c3.txt,maida
valid,valid/images/vermicelli-86_png.rf.eae846d9f4f5f1cde987c426d4cde2f5.jpg,valid/labels/vermicelli-86_png.rf.eae846d9f4f5f1cde987c426d4cde2f5.txt,vermicelli
valid,valid/images/vermicelli-29_png.rf.d259f2a00a5dba34b4c3ca2f38ef43b6.jpg,valid/labels/vermicelli-29_png.rf.d259f2a00a5dba34b4c3ca2f38ef43b6.txt,vermicelli
valid,valid/images/maida-119_png.rf.2d59c0d2ab45f2321a02de4d1cdb080f.jpg,valid/labels/maida-119_png.rf.2d59c0d2ab45f2321a02de4d1cdb080f.txt,maida
valid,valid/images/vermicelli-120_png.rf.56a1aec57a43c0b96aec582a4ddfa379.jpg,valid/labels/vermicelli-120_png.rf.56a1aec57a43c0b96aec582a4ddfa379.txt,vermicelli
valid,valid/images/vermicelli-28_png.rf.a0a3cd4ef07d714ca9098f9dae582858.jpg,valid/labels/vermicelli-28_png.rf.a0a3cd4ef07d714ca9098f9dae582858.txt,vermicelli
valid,valid/images/Atta-99_png.rf.6439b359130ebb699c42f7372eceba97.jpg,valid/labels/Atta-99_png.rf.6439b359130ebb699c42f7372eceba97.txt,maida
valid,valid/images/vermicelli-84_png.rf.7d2efe2d119ef5256c543e636ebbd9f1.jpg,valid/labels/vermicelli-84_png.rf.7d2efe2d119ef5256c543e636ebbd9f1.txt,vermicelli
valid,valid/images/Atta-113_png.rf.63bea8001734735566e00547dbafbf62.jpg,valid/labels/Atta-113_png.rf.63bea8001734735566e00547dbafbf62.txt,atta
valid,valid/images/maida-121_png.rf.85f5d428e698a891f86a055295d38b17.jpg,valid/labels/maida-121_png.rf.85f5d428e698a891f86a055295d38b17.txt,atta
test,test/images/vermicelli-196_png.rf.b5700dc524b8c6fdc5ee2551375c576a.jpg,test/labels/vermicelli-196_png.rf.b5700dc524b8c6fdc5ee2551375c576a.txt,vermicelli
test,test/images/vermicelli-82_png.rf.ea2324bd92deec831913ea8b7f8ab1e5.jpg,test/labels/vermicelli-82_png.rf.ea2324bd92deec831913ea8b7f8ab1e5.txt,vermicelli
test,test/images/vermicelli-50_png.rf.f83ddc5dc97c4cdc205186f71e328972.jpg,test/labels/vermicelli-50_png.rf.f83ddc5dc97c4cdc205186f71e328972.txt,vermicelli
test,test/images/maida-112_png.rf.a0bc2cd8a5e22fde3d8bf7fa6cad5e39.jpg,test/labels/maida-112_png.rf.a0bc2cd8a5e22fde3d8bf7fa6cad5e39.txt,"atta,maida"
test,test/images/Atta-204_png.rf.07e54539120a856ef906ab52ac0e113b.jpg,test/labels/Atta-204_png.rf.07e54539120a856ef906ab52ac0e113b.txt,atta
test,test/images/Atta-230_png.rf.92007b0b3d4a4fa21b0725da9fa3a17d.jpg,test/labels/Atta-230_png.rf.92007b0b3d4a4fa21b0725da9fa3a17d.txt,atta
test,test/images/vermicelli-175_png.rf.ef031486929fea4a85bab571bc81f9ff.jpg,test/labels/vermicelli-175_png.rf.ef031486929fea4a85bab571bc81f9ff.txt,vermicelli
test,test/images/maida-27_png.rf.7f968aacebcabc0f7760ce9452f2d9c8.jpg,test/labels/maida-27_png.rf.7f968aacebcabc0f7760ce9452f2d9c8.txt,atta
test,test/images/Atta-64_png.rf.7c7f231c1762b054bae0e1b05c535006.jpg,test/labels/Atta-64_png.rf.7c7f231c1762b054bae0e1b05c535006.txt,atta
test,test/images/vermicelli-223_png.rf.f8b3f96e7ca659ff26646a6f4235d880.jpg,test/labels/vermicelli-223_png.rf.f8b3f96e7ca659ff26646a6f4235d880.txt,vermicelli
test,test/images/vermicelli-165_png.rf.bdc69ef1dee9090025a3f86e9ba0aab8.jpg,test/labels/vermicelli-165_png.rf.bdc69ef1dee9090025a3f86e9ba0aab8.txt,vermicelli
test,test/images/Atta-185_png.rf.a36d40e5fdf4437b05b7aa07822a3d4c.jpg,test/labels/Atta-185_png.rf.a36d40e5fdf4437b05b7aa07822a3d4c.txt,maida
test,test/images/Atta-136_png.rf.d47b726def83aa25a168a13061d1d802.jpg,test/labels/Atta-136_png.rf.d47b726def83aa25a168a13061d1d802.txt,atta
test,test/images/vermicelli-47_png.rf.a3e21ff0b423970480d3d0919cbd43c6.jpg,test/labels/vermicelli-47_png.rf.a3e21ff0b423970480d3d0919cbd43c6.txt,vermicelli
test,test/images/vermicelli-73_png.rf.d07ccd885394286ba711cbb1f3281f86.jpg,test/labels/vermicelli-73_png.rf.d07ccd885394286ba711cbb1f3281f86.txt,vermicelli
test,test/images/Atta-82_png.rf.c7b27df5bb844eea6d0ddd1c260aeb2e.jpg,test/labels/Atta-82_png.rf.c7b27df5bb844eea6d0ddd1c260aeb2e.txt,maida
test,test/images/vermicelli-180_png.rf.04bc0106f69a2613d2af7a7f67e04ae8.jpg,test/labels/vermicelli-180_png.rf.04bc0106f69a2613d2af7a7f67e04ae8.txt,vermicelli
test,test/images/maida-124_png.rf.6e44345453b41b6de7791cba0a46d3b3.jpg,test/labels/maida-124_png.rf.6e44345453b41b6de7791cba0a46d3b3.txt,maida
test,test/images/Atta-34_png.rf.4c0330b1fd6c60448611f14de6c39857.jpg,test/labels/Atta-34_png.rf.4c0330b1fd6c60448611f14de6c39857.txt,atta
test,test/images/Atta-207_png.rf.ff34ec2b2025c9924d26e167052c71b8.jpg,test/labels/Atta-207_png.rf.ff34ec2b2025c9924d26e167052c71b8.txt,atta
test,test/images/vermicelli-89_png.rf.63883ebf87d20d6e9fb25ff852ec8ad1.jpg,test/labels/vermicelli-89_png.rf.63883ebf87d20d6e9fb25ff852ec8ad1.txt,vermicelli
test,test/images/vermicelli-26_png.rf.e53fd27e393f7054083048c1b2bcd802.jpg,test/labels/vermicelli-26_png.rf.e53fd27e393f7054083048c1b2bcd802.txt,vermicelli
test,test/images/vermicelli-268_png.rf.5e6abf6db978d309e82ec68f6f6abf89.jpg,test/labels/vermicelli-268_png.rf.5e6abf6db978d309e82ec68f6f6abf89.txt,vermicelli
test,test/images/Atta-152_png.rf.1dc10b0b0da86319519d92cc2c9907eb.jpg,test/labels/Atta-152_png.rf.1dc10b0b0da86319519d92cc2c9907eb.txt,atta
test,test/images/Atta-151_png.rf.03457bc95e3d0f9a5437a998d8580546.jpg,test/labels/Atta-151_png.rf.03457bc95e3d0f9a5437a998d8580546.txt,atta
test,test/images/vermicelli-9_png.rf.22239b94672e6472344047b5881813e7.jpg,test/labels/vermicelli-9_png.rf.22239b94672e6472344047b5881813e7.txt,vermicelli
test,test/images/Atta-172_png.rf.0b84501747a767b051ff0f63c210ba46.jpg,test/labels/Atta-172_png.rf.0b84501747a767b051ff0f63c210ba46.txt,atta
test,test/images/maida-55_png.rf.6e40503956271ce261b7d27d5245a289.jpg,test/labels/maida-55_png.rf.6e40503956271ce261b7d27d5245a289.txt,atta
test,test/images/maida-194_png.rf.990abc875a82106d8d1452d65a020d3a.jpg,test/labels/maida-194_png.rf.990abc875a82106d8d1452d65a020d3a.txt,maida
test,test/images/vermicelli-186_png.rf.c2c5e085d82ed0c89c8650ac7d9f99cd.jpg,test/labels/vermicelli-186_png.rf.c2c5e085d82ed0c89c8650ac7d9f99cd.txt,vermicelli
test,test/images/vermicelli-52_png.rf.c8585c529a29ee99cd3fd99dbf20b864.jpg,test/labels/vermicelli-52_png.rf.c8585c529a29ee99cd3fd99dbf20b864.txt,vermicelli
test,test/images/Atta-187_png.rf.4a8cf88fa72ae87815e5d91759e1e659.jpg,test/labels/Atta-187_png.rf.4a8cf88fa72ae87815e5d91759e1e659.txt,atta
test,test/images/vermicelli-44_png.rf.5e1c0b7857b4f237c0f549282a3f6beb.jpg,test/labels/vermicelli-44_png.rf.5e1c0b7857b4f237c0f549282a3f6beb.txt,vermicelli
test,test/images/vermicelli-93_png.rf.b2dd7f4e3555dc759918844381115ca6.jpg,test/labels/vermicelli-93_png.rf.b2dd7f4e3555dc759918844381115ca6.txt,vermicelli
test,test/images/Atta-42_png.rf.e212fac8d782241145e509b5d665e30c.jpg,test/labels/Atta-42_png.rf.e212fac8d782241145e509b5d665e30c.txt,atta
test,test/images/maida-127_png.rf.a980e7822aa13f178b4ee2fff7746e4e.jpg,test/labels/maida-127_png.rf.a980e7822aa13f178b4ee2fff7746e4e.txt,maida
test,test/images/Atta-54_png.rf.2a2c86970f09bd7a96efd623557e6bb6.jpg,test/labels/Atta-54_png.rf.2a2c86970f09bd7a96efd623557e6bb6.txt,atta
test,test/images/Atta-246_png.rf.9fe5aee10cacdf80c7a686a2edc8ba3b.jpg,test/labels/Atta-246_png.rf.9fe5aee10cacdf80c7a686a2edc8ba3b.txt,atta
test,test/images/maida-226_png.rf.5abc1ecc207001b84f2b7cb2677e3aa4.jpg,test/labels/maida-226_png.rf.5abc1ecc207001b84f2b7cb2677e3aa4.txt,maida
test,test/images/maida-88_png.rf.3dd142b04e9fb81ce4a2876a0beea220.jpg,test/labels/maida-88_png.rf.3dd142b04e9fb81ce4a2876a0beea220.txt,atta
test,test/images/Atta-258_png.rf.ce76bf96121f94877e8b9ee341b7f506.jpg,test/labels/Atta-258_png.rf.ce76bf96121f94877e8b9ee341b7f506.txt,atta
test,test/images/Atta-186_png.rf.79ff31242def2f27aa0832564715eb58.jpg,test/labels/Atta-186_png.rf.79ff31242def2f27aa0832564715eb58.txt,atta
