class_id,class_name
0,angle-gourd
1,basil seeds
2,beetroot seed
3,bitter-gourd
4,brown bean
5,cabbage
6,carrot
7,chia
8,chickpea
9,coffee beans
10,corn
11,cucumber seeds
12,egusi seeds
13,fennel
14,flax seeds
15,garlic seeds
16,grape seeds
17,hemp seeds
18,jackfruit
19,lotus seeds
20,mint seeds
21,muskmelon
22,mustard seeds
23,nigella seeds
24,oats seeds
25,onion seeds
26,peanut seeds
27,pinenut seeds
28,poppy seeds
29,potato seeds
30,pumpkin
31,radish seeds
32,rice seeds
33,sesame seeds
34,soya
35,split red lentils
36,sugar-pea
37,sunflower
38,watermelon seeds
39,waxgourd
40,wheat
41,wingbean
42,yardlong-bean
