barcode,product_name,brand,category,countries,energy_100g,protein_100g,carbohydrates_100g,sugars_100g,fat_100g,saturated_fat_100g,fiber_100g,sodium_100g,ingredients_text,allergens,labels,image_url,last_updated,data_completeness
8904335601951,100% Rolled Oats,Yoga Bar,Oats,"india, maldives",387.5,12.5,66.5,1.75,8.25,1.75,10.0,9.5,100% Golden Rolled Oats. Net weight: Lot No.: MRP: (incl. of all taxes) USPR: Date of Mfg.: Use by: 1 kg OT14E24A 490.00 Rs.0.49/9 MAT D,,no gluten,https://images.openfoodfacts.org/images/products/890/433/560/1951/front_en.14.400.jpg,2026-03-28T11:10:20+00:00,92.86
8901063338593,100% Whole Wheat Brown Bread,Britannia,Bread,india,245.0,8.3,50.7,1.5,2.0,0.6,4.4,478.6,,,,https://images.openfoodfacts.org/images/products/890/106/333/8593/front_en.3.400.jpg,2025-06-11T15:42:34+00:00,85.71
8904335603429,26g High Protein Oats Dark Chocolate,Yogabar,Oats,india,364.0,26.0,57.3,15.9,5.9,1.3,11.1,130.4,"Whole Grains 46% (Instant Oats), Protein Blend 26.6% (Texturised Soy Protein Flakes, Whey Powder), Dehydrated Fruits, Nuts & Seeds 12% (Raisins, Chia Seeds, Sunflower Seeds, Almonds 0.5%, Pumpkin Seeds), Cocoa Powder 7%, Fructooligosaccharides, Natural Flavors, Rice Bran Oil, Himalayan Pink Salt, Steviol Glycosides, Bacillus coagulans","gluten, milk, nuts, soybeans","vegetarian, source of proteins, green dot india, high proteins, 6.3 Breakfast Cereal",https://images.openfoodfacts.org/images/products/890/433/560/3429/front_en.34.400.jpg,2026-06-19T06:58:31+00:00,100.0
8906127551086,Alpino Super Oats Chocolate,Alpino,Oats,india,451.0,25.0,56.0,6.3,16.5,3.8,11.0,42.5,"ROLLED JUMBO OATS (51.6%) NATURAL PEANUT BUTTER (22%)[PEANUTS] PROTEIN BLEND (15.2%) [TEXTURIZED SOYA PROTEIN &SOYA NUGGETS] DRY FRUITS & NUTS (6.0%) [ALMOND SLICE, RAISINS, SUNFLOWER SEEDS] COCOA POWDER (5.0%) MONK FRUIT POWDER. SWEETENER STEVIA POWDER] ANTIOXIDANT [ROSEMARY EXTRACT]","nuts, peanuts, soybeans","vegetarian, green dot india",https://images.openfoodfacts.org/images/products/890/612/755/1086/front_en.23.400.jpg,2026-07-04T07:33:53+00:00,100.0
8901262260374,Amul Cow Milk,Amul,Milk,india,68.0,3.1,4.9,4.9,4.0,2.4,0.0,47.0,Milk,milk,,https://images.openfoodfacts.org/images/products/890/126/226/0374/front_en.14.400.jpg,2026-08-15T15:15:05+00:00,100.0
8901262202381,Amul Curd,Amul,Yogurt,india,53.0,3.0,3.5,3.5,3.0,2.0,,40.0,"Pasteurised toned milk, active culture.",milk,"vegetarian, green dot india",https://images.openfoodfacts.org/images/products/890/126/220/2381/front_en.17.400.jpg,2026-07-22T11:05:28+00:00,100.0
8901262151863,Amul Fresh Cream,Amul,Milk,india,,,,,,,,,milk,milk,"vegetarian, no preservatives, green dot india",https://images.openfoodfacts.org/images/products/890/126/215/1863/front_en.6.400.jpg,2026-02-23T15:54:18+00:00,100.0
8901262260107,Amul Gold Milky Milk,Amul,Milk,india,87.0,3.1,5.0,0.0,6.0,3.9,0.0,0.0,Milk,milk,,https://images.openfoodfacts.org/images/products/890/126/226/0107/front_en.3.400.jpg,2025-05-01T18:31:17+00:00,100.0
8901262201124,Amul Masti Dahi,Amul,Yogurt,india,61.5,4.0,4.4,0.0,3.1,2.0,,0.0,"MILK, MILK SOLIDS, ACTIVE CULTURE",milk,"vegetarian, green dot india",https://images.openfoodfacts.org/images/products/890/126/220/1124/front_en.4.400.jpg,2026-03-12T12:11:07+00:00,100.0
8901262200196,Amul Masti Spiced Buttermilk 200ml,Amul,Milk,"india, united states",28.5,1.5,1.8,1.8,1.5,0.95,,250.0,"Milk solids, water, iodised salt, spices & condiments (1%), stabilizer [460(i)]. Allergen Information: Contains milk.",milk,"vegetarian, no preservatives, green dot india",https://images.openfoodfacts.org/images/products/890/126/220/0196/front_en.54.400.jpg,2026-08-21T15:56:34+00:00,100.0
8901262153331,Amul Protein Blueberry Shake,Amul,Milk,india,69.0,10.0,9.5,1.65,0.75,0.5,,20.0,"Milk solids, water, sweetener (965, 960), blueberry fruit preparation (3.5%) [blueberry fruit, water, nature identical flavouring substances, stabilizer (440), acidity regulator (330), colours (133, 122)], acidity regulator (330), stabilizers (440, 418), artificial flavouring substances (blueberry).",milk,"low or no fat, low fat, no added sugar",https://images.openfoodfacts.org/images/products/890/126/215/3331/front_en.4.400.jpg,2026-05-08T15:23:47+00:00,100.0
8901262150064,Amul Taaza 1ltr,Amul,Milk,"france, india",58.2,3.0,4.8,4.8,3.0,2.0,,37.0,Milk,milk,no preservatives,https://images.openfoodfacts.org/images/products/890/126/215/0064/front_en.37.400.jpg,2026-07-21T03:57:17+00:00,100.0
8901262260121,Amul Taaza Milky Milk,"Amul, Amul taaza",Milk,india,29.0,1.5,2.35,2.35,1.5,1.0,,20.0,PASTEURISED HOMOGENISED TONED MILK,milk,"no antibiotics, without hormones, without antibiotics or hormones",https://images.openfoodfacts.org/images/products/890/126/226/0121/front_en.52.400.jpg,2025-12-06T06:34:04+00:00,100.0
8901262200271,Amul dahi,Amul,Yogurt,india,,,,,,,,,,,,https://images.openfoodfacts.org/images/products/890/126/220/0271/front_en.7.400.jpg,2025-05-25T06:27:26+00:00,85.71
8906010500245,Balaji Wafers Masala Sev Murmura,Balaji Wafers,Biscuits,"france, india",482.0,10.9,53.8,9.4,23.2,10.5,7.0,811.0,,,"vegetarian, green dot india",https://images.openfoodfacts.org/images/products/890/601/050/0245/front_en.20.400.jpg,2026-03-13T03:24:55+00:00,85.71
8906010500214,Balaji Wafers Sev Murmura,Balaji Wafers,Snacks,"belgium, india",507.0,10.9,60.6,0.0,23.4,11.0,5.0,808.0,"PUFFED RICE (50%), CHICKPEA FLOUR (24%), EDIBLE VEGETABLE OIL (PALMOLEIN, RICE BRAN, CORN), RICE FLOUR, EDIBLE COMMON SALT, SPICES&CONDIMENTS (TURMERIC, CHILLI, CLOVE, GINGER, ASAFOETIDA, CURRY LEAVES), REFINED WHEAT FLOUR (MAIDA), GUM ACACIA.",gluten,"vegetarian, green dot india",https://images.openfoodfacts.org/images/products/890/601/050/0214/front_en.8.400.jpg,2026-03-31T17:38:21+00:00,100.0
8906010502232,Balaji wafers panjabi tadka,Balaji,Snacks,india,608.0,7.7,42.3,2.0,43.9,20.7,6.5,1033.0,"EDIBLE VEGETABLE OIL (PALMOLEIN, RICE BRAN), POTATO FLAKES (23%), CHICKPEA FLOUR (19%), MOTH BEAN FLOUR, STARCH, BLACK SALT, EDIBLE COMMON SALT, SUGAR, DEHYDRATED VEGETABLE POWDER ONION GARLIC, SPICES & CONDIMENTS (CHILLI, DRY MANGO, CUMIN, CORIANDER TURMERIC, NUTMEG, MACE), MILK SOLIDS (WHEY) (0.06%), HYDROLYZED VEGETABLE PROTEIN (SOYA), ACIDITY REGULATOR (INS 296, INS 330 ANTICAKING AGENT (INS 551), FLAVOUR ENHANCER (INS 627, INS 631 TURAL & NATURE IDENTICAL FLAVOURING SUBSTANCES (CHILLI, CUMIN","milk, soybeans",vegetarian,https://images.openfoodfacts.org/images/products/890/601/050/2232/front_en.6.400.jpg,2026-08-27T16:22:07+00:00,100.0
8901030975530,Boost milk shake,Boost energy,Milk,india,70.0,2.7,11.0,10.0,107.0,1.6,0.1,,"Toned Milk (60%), Water, Sugar, Cereal product (3%), Milk Solids, Minerals, Acidity Regulator (INS 339 (ii)), Stabilizers (INS 418, INS 407), Vitamins. Allergen Information: Contains Milk, Wheat, Barley and Soy. fssai","gluten, milk, soybeans",,https://images.openfoodfacts.org/images/products/890/103/097/5530/front_en.3.400.jpg,2025-04-30T15:07:41+00:00,100.0
8901063325920,Britannia Toastea Premium Bake Rusk with Real Elaichi,Britannia,Bread,india,,,,,,,,,,,"vegetarian, green dot india",https://images.openfoodfacts.org/images/products/890/106/332/5920/front_en.3.400.jpg,2026-07-21T03:11:01+00:00,85.71
8901063325753,Britannia Toastea Premium Bake Rusk with Real Elaichi,Britannia,Bread,india,,,,,,,,,,,"vegetarian, green dot india",https://images.openfoodfacts.org/images/products/890/106/332/5753/front_en.3.400.jpg,2026-07-21T03:18:20+00:00,85.71
8901063014299,Britannia Vita Marie Gold Biscuits,Britannia Industries Ltd.,Biscuits,india,449.0,7.3,79.3,25.5,11.4,5.5,,255.0,"REFINED WHEAT FLOUR (MAIDA) (66%), SUGAR, REFINED PALM OIL, MILK PRODUCTS [MILK SOLIDS&SWESTENED CONDENSED PARTLY SKIMMED MILK, INVERT SUGAR SYRUP, RAISING AGENTS [503(m) & 500(i)], IODISED SALT, EMULSIFIERS [471 & 322(i)] ARTIFICIAL (MILK, BUTTER&VANILLA) FLAVOURING SUBSTANCES, VITAMINS, DOUGH CONDITIONER (223), MINERALS AND IMPROVER [110101 (Numbers in brackets as per International Numbering System) CONTAINS WHEAT, MILK, SOYA AND SULPHITE.","gluten, milk, soybeans, sulphur dioxide and sulphites",,https://images.openfoodfacts.org/images/products/890/106/301/4299/front_en.35.400.jpg,2026-08-08T09:18:11+00:00,100.0
8901063325036,Britannia toastea 250gm,Britannia,Bread,india,432.0,9.2,80.9,20.8,8.0,3.7,,213.0,"REFINED WHEAT FLOUR (MAIDA) (71%), SUGAR, REFINED PALM AND PALMOLEIN OIL, SEMOLINA (SUJI) (1.8%), YEAST, VITAL GLUTEN, COLOUR (150a), INVERT SUGAR SYRUP, IODISED SALT, EMULSIFIERS (472e, 471), SPICE (0.3%) (GREEN CARDAMOM SEEDS), BREAD IMPROVER (STARCH, SOYA FLOUR, IMPROVERS [1100(i), 1104, 1102]), WHEAT FIBER, NATURE IDENTICAL & ARTIFICIAL (MILK) FLAVOURING SUBSTANCES AND ANTIOXIDANT (300). (Numbers in brackets as per International Numbering System) CONTAINS WHEAT AND SOY","gluten, milk, soybeans",,https://images.openfoodfacts.org/images/products/890/106/332/5036/front_en.10.400.jpg,2026-01-29T06:31:07+00:00,100.0
8906007610124,Brown Bread,Kwality,Bread,india,264.12,,,,,,,,"Whole Wheat Flour (Atta), Water, Refined Wheat Flour (Maida), Wheat Bran, Suga Wheat Gluten, Malt Extract, lodized Sat Hydrogenated Vegetable (Palm) Fat, Edible Vegetable (Palm) Oil, CLASS 11 PRESERVATIVE (INS 282). ACIDITY REGULATOR (INS 260), EMULSIFIER (INS 481), IMPROVERS (INS 1100, 170(1)) & ANTIOXIDANT (INS 300)",gluten,Veg brown bread,https://images.openfoodfacts.org/images/products/890/600/761/0124/front_en.3.400.jpg,2022-10-02T02:53:59+00:00,100.0
8906001388609,Brown Sliced Brown Bread,English Oven,Bread,india,265.75,9.45,50.9285714285714,,0.928571428571429,,7.92857142857143,,"WHEAT FLOUR [ATTA (50%)], REFINED WHEAT FLOUR [MAIDA (50%)], WATER, YEAST, SUGAR, IODIZED SALT, WHEAT GLUTEN, EDIBLE BRAN VEGETABLE OIL (PALM), CLASS II PRESERVATIVE (282), MALT POWDER, WHEAT IMPROVERS [170 (i), 510, 923, 1100], ACIDITY REGULATOR (260), EMULSIFIERS [471, 472e, 481 (i)] AND ANTIOXIDANT (300)",gluten,"vegetarian, green dot india",https://images.openfoodfacts.org/images/products/890/600/138/8609/front_fr.3.400.jpg,2026-06-17T06:57:13+00:00,100.0
8901262260954,Buffalo Milk,Amul,Milk,"india, united kingdom",,,,,,,,,,,,https://images.openfoodfacts.org/images/products/890/126/226/0954/front_en.3.400.jpg,2026-02-23T08:34:38+00:00,85.71
8901262260947,Buffalo Milk A2,Amul,Milk,india,91.0,3.2,5.0,5.0,6.5,4.2,,50.0,Milk,milk,"vegetarian, green dot india",https://images.openfoodfacts.org/images/products/890/126/226/0947/front_en.10.400.jpg,2026-04-21T15:24:00+00:00,100.0
8906031251140,Chakote Milk Toast,Chakote,Bread,india,,,,,,,,,,,"vegetarian, green dot india",https://images.openfoodfacts.org/images/products/890/603/125/1140/front_en.5.400.jpg,2025-06-11T09:47:58+00:00,85.71
8904335602521,Chocolate Muesli,Yogabar,Muesli,india,437.0,12.3,67.0,6.7,13.3,4.3,9.4,90.6,"Whole Grains 66% (Rolled Oats, Rice Flakes, Quinoa Flakes). Dark Chocolate Paste 12% (Sugar, Edible Vegetable Fat, Cocoa Solids, Soy Lecithin & Natural Flavours). Seeds & Nuts 10.8% (Chia. Flax. Almond, Pumpkin). Dehydrated Fruits 6.5% (Raisins. Cranberry 2.5%). Dates Syrup, Cocoa Powder, Rice Bran Oil, Natural Flavours, Jaggery Syrup, Cocoa Mass. Himalayan Pink Salt, Apple Fibre. l","nuts, soybeans",,https://images.openfoodfacts.org/images/products/890/433/560/2521/front_en.5.400.jpg,2026-05-04T11:44:53+00:00,100.0
8904320075446,Chocolate Peanut Butter,Disano,Peanut Butter,india,635.0,23.0,23.27,7.0,50.0,11.0,6.4,170.0,"Roasted Peanut (83%), Dark Chocolate (10%), Sugar, Stabilizer (INS 471), lodised Salt. Allergen Information: Contains Nuts. Manufactured in facility that also processes milk.","nuts, peanuts","vegetarian, green dot india",https://images.openfoodfacts.org/images/products/890/432/007/5446/front_en.11.400.jpg,2026-04-08T16:18:52+00:00,100.0
8904327600351,Chocolate Peanut butter smooth,Myfitness,Peanut Butter,india,627.8125,28.125,17.5,8.125,49.375,13.75,8.4375,434.38,"Roasted Peanuts (83%). Dark Chocolate (10%), Sugar, Salt, Stabilizer (INS 471) Allergen Info: Contain Peanuts & Soya Produced in a facility that also handles nuts",peanuts,,https://images.openfoodfacts.org/images/products/890/432/760/0351/front_en.9.400.jpg,2026-02-16T02:53:58+00:00,100.0
8901499008169,Chocos,Kellogg's,Breakfast Cereals,india,373.0,9.0,81.0,27.5,3.0,1.2,7.0,250.0,"Multigrain Flour Mix (64.8%) (Wheat Flour (Atta) (55.8%), Sorghum (Jowar) Flour (3%), Rice Flour (3 Corn Meal (3%)), Sugar, Cocoa Solids (5.3%), Minerals, Cereal Extract, lodized Salt, Colours (INS 150a, INS 150d), Edible Vegetable Oil (Palmolein), Flavours (Nature Identical & Artificial (Cream)), Vitamins, Antioxidant (INS 307b). ALLERGEN DECLARATION: CONTAINS WHEAT & BARLEY. MAY CONTAIN SOY, MILK, OATS & NUTS.","gluten, milk",,https://images.openfoodfacts.org/images/products/890/149/900/8169/front_en.16.400.jpg,2026-07-29T14:49:01+00:00,100.0
8901499010742,Chocos Crunchy Bites,Kellogg's,Breakfast Cereals,india,390.0,4.0,84.9,31.0,3.1,1.1,30.0,180.0,"REFINED WHEAT FLOUR (MAIDA) (41%), SUGAR, CORN MEAL, WHEAT BRAN, CHOCO CRÈME (5.2%) {SUGAR, EDIBLE VEGETABLE OIL (PALM KERNEL OIL), COCOA SOLIDS, EMULSIFIER (INS 476)), INVERT SYRUP, IODIZED SALT, FLAVOURS (NATURE IDENTICAL & ARTIFICIAL (MARSHMALLOW & VANILLA)), COCOA SOLIDS (0.3%), MINERALS, COLOUR (INS 150d), VITAMINS, ANTIOXIDANT (INS 320). ALLERGEN DECLARATION: CONTAINS WHEAT. MAY CONTAIN SOY, MILK, OATS, BARLEY & NUTS.","gluten, milk, nuts","vegetarian, green dot india",https://images.openfoodfacts.org/images/products/890/149/901/0742/front_fr.3.400.jpg,2026-03-24T02:52:17+00:00,100.0
8906117360353,Country Delight Buffalo Milk,Country Delight,Milk,india,90.0,3.2,4.9,4.9,6.5,3.8,,45.0,"Pasteurized Buffalo Milk Fat 6.00% Min., SNF 9.00% Min.",,"vegetarian, green dot india",https://images.openfoodfacts.org/images/products/890/611/736/0353/front_en.11.400.jpg,2026-06-01T03:53:21+00:00,92.86
8904043554716,Crem Treat Vanilla Crem bun,"Bimbo, Modern",Bread,india,356.7,6.9,55.5,24.58,11.93,7.56,3.84,235.2,"Refined Wheat Flour (Maida), Bun Icing (Sugar, Edible Vegetable Fat (Interesterified), Humectant (422), Stabilizer (412), Preservative (200), Turmeric Extract, Artificial Flavouring Substances (Vanilla and Butterscotch]&quot;, Sugar, Glazed Fruit (3.68%) [Papaya, Sugar, Acidity Regulator (330), Preservative (211), Food Colour (129)], Edible Vegetable Fat (Interesterified), Gluten, Yeast, lodized Salt, Soya Flour, Preservative (282), Emulsifier (4810).","gluten, soybeans","vegetarian, green dot india",https://images.openfoodfacts.org/images/products/890/404/355/4716/front_en.18.400.jpg,2026-05-01T12:31:06+00:00,100.0
8906027713546,Dahi,,Yogurt,india,60.0,3.6,4.52,0.0,3.0,0.0,0.0,,,,,https://images.openfoodfacts.org/images/products/890/602/771/3546/front_fr.3.400.jpg,2026-03-12T12:16:48+00:00,78.57
8904335600329,Dark Chocolate And Cranberry Muesli,Yoga Bar,Muesli,india,408.0,12.0,69.0,14.9,11.6,3.4,10.0,114.3,,,omega 3,https://images.openfoodfacts.org/images/products/890/433/560/0329/front_en.8.400.jpg,2026-07-16T18:41:39+00:00,85.71
8904327601969,Dark Chocolate Peanut Butter with added Whey,Myfitness,Peanut Butter,india,637.5,25.0,21.875,6.25,50.0,12.5,6.25,68.75,"Roasted Peanuts (82%), Dark Chocolate paste (10%). Whey protein concentrate (72). Stabilizer (INS 471) Allergen Info: Contains Peanuts, Whey and Soya Peanut based spreads with Dark Chocolate (Proprietary Food-Spreads 4.2.2.5 Spreads) (Serving size: 32 g) (Serving Per Pack: 16) TM care@myfitness.co.in Write to us at marketed by address or +91 7096699111","milk, peanuts",,https://images.openfoodfacts.org/images/products/890/432/760/1969/front_en.14.400.jpg,2026-03-28T16:18:41+00:00,100.0
8901725016258,Dark fantasy bourbon,,Biscuits,india,,,,,,,,,,,,https://images.openfoodfacts.org/images/products/890/172/501/6258/front_en.13.400.jpg,2025-07-26T08:41:08+00:00,78.57
8906049252481,Diwadakar's Ajit Sandwich bread,"Ajit, Diwadakar's",Bread,india,,,,,,,,,,,"vegetarian, green dot india",https://images.openfoodfacts.org/images/products/890/604/925/2481/front_en.8.400.jpg,2025-08-02T06:16:18+00:00,85.71
8906032018513,Doodh Biscuits,Patanjali,Biscuits,india,468.0,7.2,72.0,24.0,17.0,8.3,6.0,349.0,"Wheat Flour (Atta )- 58.6%, Edible Vegetable Oil (Palm), Sugar, Liquid Glucose, Milk Solids (1.7%), lodized Salt, Leavening agents [INS-500(ii), INS 503(ii), INS - 341(1), Cheese, Dough Conditioner (INS 223), Antioxidant (INS 319), Emulsifier [INS 322). Natural, Nature Identical Artificial Flavouring Substances (Milk & Vanilla). CONTAINS WHEAT, MILK, SOY, SULPHITE","gluten, milk, soybeans, sulphur dioxide and sulphites",,https://images.openfoodfacts.org/images/products/890/603/201/8513/front_en.3.400.jpg,2025-06-12T03:39:16+00:00,100.0
8906002006236,Dr. Oetker Peanut Butter,Dr. Oetker,Peanut Butter,india,642.0,26.3,19.3,7.5,51.0,10.4,,,,,"vegetarian, green dot india",https://images.openfoodfacts.org/images/products/890/600/200/6236/front_en.10.400.jpg,2026-01-28T11:06:00+00:00,85.71
8906059636936,Epigamia Everyday Yogurt Mango,Epigamia,Yogurt,india,94.6666666666667,4.0,17.3333333333333,17.3333333333333,1.33333333333333,0.8,,58.67,"Pasteurized Double Toned Milk (86%), Sugar, Milk Solids (3%), Nature Identical Flavouring Substances (Mango), Stabilizer (INS 440), Permitted Lactic Acid Cultures, Colour (INS 102, INS 110) Active Live Cultures: S.Thermophilus, L.Bacillus delbrueckii subsp. Bulgaricus ALLERGENS: Contains milk. Manufactured in a facility processing milk, nuts & cereals containing gluten.","gluten, milk",,https://images.openfoodfacts.org/images/products/890/605/963/6936/front_en.3.400.jpg,2026-04-14T10:05:58+00:00,100.0
8906009501017,Full cream milk,Chitale,Milk,india,93.6,3.8,5.2,4.8,6.4,4.7,,14.7,Milk,milk,,https://images.openfoodfacts.org/images/products/890/600/950/1017/front_en.11.400.jpg,2026-08-06T17:42:07+00:00,100.0
8906059635007,GREEK YOGURT natural,epigamia,Yogurt,india,63.5294117647059,7.64705882352941,4.70588235294118,4.70588235294118,2.23529411764706,1.41176470588235,,61.18,"Pasteurized Double Toned Milk, Milk Solids, Stabilizer (Pectin), Permitted Lactic Acid Cultures Active Live Cultures: S.thermophilus, L.bacillus delbrueckii subsp. bulgaricus ALLERGENS: Contains milk. Manufactured in a facility that also processes nuts & cereals containing gluten.","gluten, milk","vegetarian, green dot india",https://images.openfoodfacts.org/images/products/890/605/963/5007/front_en.7.400.jpg,2026-06-04T10:16:14+00:00,100.0
8906058610982,Gaia Muesli Mixed Fruit,Gaia,Muesli,india,,,,,,,,,,,"vegetarian, green dot india",https://images.openfoodfacts.org/images/products/890/605/861/0982/front_en.3.400.jpg,2025-06-13T03:58:00+00:00,85.71
8901063093522,Good Day - Cashew Cookies,Britannia,Biscuits,india,512.0,7.0,67.0,22.0,24.0,11.0,0.0,0.0,"INGREDIENTS REFINED WHEAT FLOUR (MAIDA), EDIBLE VEGETABLE OIL (PALM), SUGAR, CASHEW NUTS (4.5%), INVERT SYRUP, MILK SOLIDS, BUTTER (96%), RAISING AGENTS (503&5000TH 100ISED SALT AND EMULSIFIERS (322,471,472) CONTAINS ADDED FLAVOURS (NATURE IDENTICAL AND ARTIFICIAL (MILK AND VANILLA) FLAVOURING SUBSTANCES! (Numbers in brackets as per laternational Numbering System) CONTAINS WHEAT, NUTS, MILK AND SOYA.","gluten, milk, nuts, soybeans","vegetarian, green dot india",https://images.openfoodfacts.org/images/products/890/106/309/3522/front_en.28.400.jpg,2026-05-18T11:54:39+00:00,100.0
8901063092853,Good Day cashew cookie,Britannia,Biscuits,"india, united kingdom",504.0,7.0,65.0,22.0,24.0,11.0,,218.0,"REFINED WHEAT FLOUR, SUGAR, EDIBLE VEGETABLE OIL (PALM), SUGAR, CASHEW BUTS (4.5%), INTERESTERIFIED VEGETABLE FAT, COCOA SOLIDS (3%), INVERT SYRUP, MILK SOLIDS, BUTTER (0.6%) RAISING AGENTS [503(II), 500(II), IODISED SALT AND EMULSIFIER(322, 471, 472E). CONTAINS ADDED FLAVOURS [NATURE IDENTICAL AND ARTIFICIAL FLAVOURING SUBSTANCES - MILK AND VANILLA]","gluten, milk",,https://images.openfoodfacts.org/images/products/890/106/309/2853/front_en.4.400.jpg,2026-03-27T23:35:37+00:00,100.0
8906027713645,Govind Dahi,Govind,Yogurt,india,,,,,,,,,,,"vegetarian, green dot india",https://images.openfoodfacts.org/images/products/890/602/771/3645/front_en.7.400.jpg,2025-07-25T03:01:07+00:00,85.71
8906059635090,Greek yogurt,epigama,Yogurt,india,97.6470588235294,6.23529411764706,14.1176470588235,14.1176470588235,1.88235294117647,1.17647058823529,,52.94,"Greek Yogurt (Pasteurized Double Toned Milk, Milk Solids, Stabilizer (Pectin), Permitted Lactic Acid Cultures), Processed Blueberry Pulp (Sugar, Water, Blueberry Fruit, Stabilizer (Pectin), Natural Flavouring Substances (Blueberry), Natural Color (INS 163 (ii)), Lemon Juice Concentrate) Total Fruit Content: 1.68% Active Live Cultures: S.Thermophilus, L.Bacillus delbrueckii subsp. Bulgaricus ALLERGENS: Contains milk. Manufactured in a facility processing nuts & cereals containing gluten.","gluten, milk","source of proteins, high proteins",https://images.openfoodfacts.org/images/products/890/605/963/5090/front_en.20.400.jpg,2026-08-28T08:39:04+00:00,100.0
8901719129988,Happy happy - Parl,Parle,Biscuits,india,469.0,6.1,75.2,31.0,15.9,8.6,0.0,205.0,"REFINED WHEAT FLOUR(MAIDA), SUGAR, REFINED PALM OIL, CHOCO CHIPS(8.4%), [SUGAR, EDIBLE VEGETABLE FAT (HYDROGENATED OILS), COCOA SOLIDS, DEXTROSE, EMULSIFIER (SOY LECITHIN) AND ARTIFICIAL FLAVOURING SUBSTANCES (VANILLA)], INVERT SUGAR SYRUP, COCOA SOLIDS (0.5%), IODISED SALT, RAISING AGENTS [503 (ii), 500 (ii)] AND EMULSIFIER OF VEGETABLE ORIGIN (472e) CONTAINS PERMITTED NATURAL FOOD COLOURS [ 150c, 150d ] AND ADDED FLAVOUR (ARTIFICIAL FLAVOURING SUBSTANCES - CHOCOLATE).","gluten, soybeans",,https://images.openfoodfacts.org/images/products/890/171/912/9988/front_en.14.400.jpg,2026-03-23T08:46:27+00:00,100.0
8904057395503,Hatsun Curd,Hatsun,Yogurt,india,67.0,4.0,6.0,6.0,3.0,1.9,,50.0,Pasteurized Toned Milk & Active Culture,,"vegetarian, green dot india",https://images.openfoodfacts.org/images/products/890/405/739/5503/front_en.6.400.jpg,2026-03-12T12:28:18+00:00,92.86
8906136651975,High Protein Muesli,Pintola,Muesli,"india, maldives",390.0,24.0,56.0,17.0,8.0,1.7,10.0,158.0,"Whole Grains (34%) (Rolled Oats, Ragi Flakes, Jowar Flakes, Quinoa Flakes, Brown Rice Flakes); Protein Blend (24%) {Texturized Soy Protein, Soy Protein Isolate}; Dry Fruits, Nuts & Seeds (22%) (Black Raisin, Cranberry, Almonds, Flax Seeds, Pumpkin Seeds); Organic Jaggery, Cocoa Powder (7%), Dates, Rice Bran Oil, Himalayan Pink Salt.","nuts, soybeans","vegetarian, no gluten, green dot india, whole grain",https://images.openfoodfacts.org/images/products/890/613/665/1975/front_en.12.400.jpg,2026-02-23T08:51:52+00:00,100.0
8906136651968,High Protein Oats Chocolate,Pintola,Oats,india,392.0,25.0,54.6,14.0,8.0,2.1,9.6,130.0,"Oats (43%), Protein Blend (26%) (Texturized Soy Protein, Soy Protein Isolate, Whey Protein Concentrate); Dry Fruit, Nut & Seeds (12%) (Raisins, Almonds, Pumpkin Seeds, Chia Seeds); Organic Jaggery (10%), Cocoa Solids (7%), Jowar Flakes, Himalayan Pink Salt.","gluten, milk, nuts, soybeans","vegetarian, green dot india",https://images.openfoodfacts.org/images/products/890/613/665/1968/front_en.13.400.jpg,2026-08-10T00:51:47+00:00,100.0
8908010900971,High Protein Peanut Butter Dark Chocolate,Pintola,Peanut Butter,india,583.0,30.0,27.0,15.5,38.0,7.0,6.2,14.0,,,"vegetarian, vegan",https://images.openfoodfacts.org/images/products/890/801/090/0971/front_en.16.400.jpg,2025-11-10T14:59:34+00:00,85.71
8906127550850,High protein super oats chocolate,Alpino,Muesli,india,457.77,22.0,51.34,5.0,18.6,3.1,11.6,13.24,"Rolled Oats (61%), Unsweetened Peanut Butter (26%), Alpino Supernatural (TM) Peanut Protein, Cocoa Powder, Nuts & Seed Mix (Chia Seeds, Almonds, Raisins, Sunflower Seeds), Monk Fruit Extract","nuts, peanuts","no gluten, no preservatives, no added sugar",https://images.openfoodfacts.org/images/products/890/612/755/0850/front_en.27.400.jpg,2026-08-10T05:39:07+00:00,100.0
8901063029255,Jimjam 57g (57),Britannia,Biscuits,india,483.0,5.0,73.0,32.9,19.0,9.5,0.0,,"REFINED WHEAT FLOUR (MAIDA), SUGAR (24%), REFINED PALM OIL & INTERESTERIFIED VEGETABLE FAT, INVERT SUGAR SYRUP, DEXTROSE, MILK PRODUCTS (MILK SOLIDS & SWEETENED CONDENSED MILK), EDIBLE MAIZE STARCH, MALTODEXTRIN, FRUIT PRODUCTS (0.7%) (APPLE JUICE CONCENTRATE, BANANA POWDER & PLUM JUICE CONCENTRATE), IODISED SALT, EMULSIFIERS [322(i) & 471], RAISING AGENTS [503(ii) & 500(ii)], NATURE IDENTICAL AND ARTIFICIAL (MIXED FRUIT, VANILLA & BUTTER) FLAVOURING SUBSTANCES, ACIDITY REGULATORS (330 & 331), GELLING AGENT (440) AND COLOUR (122). (Numbers in brackets as per International Numbering System) CONTAINS WHEAT, MILK AND SOYA. ydrate-73g, of which Total 31 Total Fat-19g/141 no unsaturated fatty acids-7.29 fss Lic. No. 10015 100120260N For Mfg unit address & Lic. No. read the last two characters of CWALIOR 474005, MADHYA PRADESH Lic. No. the &quot;Lot No. and see address panel. 06-1.8. MANGHARAM FOODS 01129","gluten, milk, soybeans","vegetarian, green dot india",https://images.openfoodfacts.org/images/products/890/106/302/9255/front_en.9.400.jpg,2026-04-03T13:55:20+00:00,100.0
8901499011992,Kellogg's Chocolate Muesli,Kellogg's,Muesli,india,444.0,7.7,71.4,26.9,15.5,6.8,6.0,227.0,,,"vegetarian, green dot india",https://images.openfoodfacts.org/images/products/890/149/901/1992/front_en.3.400.jpg,2026-05-13T05:15:45+00:00,85.71
8901499010452,Kellogg's muesli crunchy fruit,Kellogg's,Muesli,india,,,,,,,,,,,,https://images.openfoodfacts.org/images/products/890/149/901/0452/front_en.15.400.jpg,2025-11-23T09:18:43+00:00,85.71
8901499010483,Kelloggs Muesli,Kellogg's,Muesli,india,397.5,8.0,80.0,16.0,6.0,0.75,5.0,60.0,"Multigrain (66.4%) ,Wheat (24.6%),Corn Grits (15.7%), Rice(10.1%), Rolled Barley (8%), Rolled Oats (8%) ,Candied & Nuts & Dry Fruits & Seed(21%) {Candied Papaya (6%),Candied Cranberry(4%),Raisins(4%),Almonds(4%),Pumpkin Seeds(3%)},Sugar,Cereal Extract,Wheat Bran,Iodized Salt,Vitamins & Minerals,Anti Oxidants(INS 320,INS 307b)","gluten, nuts, sulphur dioxide and sulphites",,https://images.openfoodfacts.org/images/products/890/149/901/0483/front_en.24.400.jpg,2026-08-01T03:44:44+00:00,100.0
8901030959776,Kissan Peanut Butter Crunchy,Kissan,Peanut Butter,india,,,,,,,,,"ROASTED PEANUTS (91%), SUGAR, HYDROGENATED PALM OIL, IODISED SALT.",peanuts,"vegetarian, green dot india",https://images.openfoodfacts.org/images/products/890/103/095/9776/front_en.3.400.jpg,2025-11-21T11:14:32+00:00,100.0
8901058005233,Kitkat mini chocolate coated wafer,"KitKat, Nestle nutrition",Biscuits,india,438.0,6.4,47.4,35.1,24.8,24.5,0.0,97.4,"Sugar, Milk Solids. Fractionated vegetable Fat, Hydrogenated Vegetable fats, Refined Wheat flour (Maida), Cocoa solids (4.5%), Emulsifier (Soya lecithin), Yeast, Raising agent, Artificial flavouring substance (vanilla), Iodised salt, Flour treatment agent (516) and Nature Identical flavoring substance","gluten, milk, soybeans",,https://images.openfoodfacts.org/images/products/890/105/800/5233/front_en.26.400.jpg,2026-02-22T07:51:11+00:00,100.0
8901719135248,Krackjack,Parle,Biscuits,india,489.0,6.8,70.5,19.6,19.9,9.4,,371.0,"REFINED WHEAT FLOUR (MAIDA), REFINED OILS (PALMOLEIN AND PALM), SUGAR (19.1%), RAISING AGENTS [ 503 (ii), 10 (ii), 341 (i) ], INVERT SUGAR SYRUP, IODISED SALT(0.9%) YEAST, ACIDITY REGULATORS [270,296], FLOUR TREATMENT AGENTS [223,1101 (ii),1100(i)], EMULSIFIER OF VEGETABLE ORIGIN [472e] CONTAINS ADDED FLAVOURS (ARTIFICIAL FLAVOURING SUBSTANCE-VANILLA, BUT ER)",gluten,"vegetarian, green dot india",https://images.openfoodfacts.org/images/products/890/171/913/5248/front_en.25.400.jpg,2026-04-12T18:00:18+00:00,100.0
8901648001775,Lassi,,Yogurt,"france, india",76.0,1.7999999523163,13.5,13.5,1.7000000476837,1.2000000476837,,,,,,https://images.openfoodfacts.org/images/products/890/164/800/1775/front_fr.3.400.jpg,2026-03-02T15:57:50+00:00,78.57
8901719135118,MONACO,Parle,Biscuits,india,492.0,7.9,68.0,8.4,20.9,9.7,0.0,0.0,Biscuit,,,https://images.openfoodfacts.org/images/products/890/171/913/5118/front_en.24.400.jpg,2026-08-08T09:39:35+00:00,92.86
8904327600948,MYFITNESS Chocolate Peanut Butter Crunchy,MYFITNESS,Peanut Butter,india,634.6,23.7,23.7,8.0,48.1,14.3,9.0,109.1,,,,https://images.openfoodfacts.org/images/products/890/432/760/0948/front_en.3.400.jpg,2026-06-26T08:32:59+00:00,85.71
8996001312506,Malkist Cheese Flavoured Crunchy Layered Cracker Biscuits,Mayora,Biscuits,india,491.0,7.7,63.7,16.5,22.8,15.3,,543.0,"Refined Wheat Flour Edible Vegetable Oil (Palmolein) Sugar (15.8%), Whey Powder, Glucose Syrup, Milk Solids (1.67%)(SMP), Cheese Powder (Cheese, Maltodextrin)(1.62%), Tapioca Starch, Leavening Agent (E503(ii), E500(ii)), Edible Common Salt, Baker's Yeast, Malt Extract (0.42%), Butter, Artificial Flavouring Substance (Cheese), Emulsifier (Soy Lecithin E322(i)), Vitamin Premix (Thiamine Mononitrate, Riboflavin, Pyridoxine Hydrochloride, Cyanocobalamin), Permitted Synthetic Food Colour (E102, E110).",milk,"vegetarian, green dot, green dot india",https://images.openfoodfacts.org/images/products/899/600/131/2506/front_en.3.400.jpg,2026-05-18T07:59:01+00:00,100.0
8901063023901,Marie Gold,Britannia,Biscuits,india,445.0,8.4,78.9,21.9,10.7,5.2,,319.0,"REFINED WHEAT FLOUR (MAIDA)(73%), SUGAR, REFINED PALM OIL, INVERT SUGAR SYRUP, MILK SOLIDS, RAISING AGENTS [503(ii) & 500 (ii)], IODIZED SALT, EMULSIFIER(472e), CALCIUM SALT, DOUGH CONDITIONER(223), VITAMINS*, FERROUS SALT AND POTASSIUM IODATE. CONTAINS PERMITTED NATURAL COLOUR (150d) AND ADDED FLAVOURS NATURE IDENTICAL & ARTIFICIAL (MILK & VANILLA) FLAVOURING SUBSTANCES] (Numbers in brackets as per International Numbering System) CONTAINS WHEAT, MILK AND SULPHITE.","gluten, milk, sulphur dioxide and sulphites",,https://images.openfoodfacts.org/images/products/890/106/302/3901/front_en.6.400.jpg,2026-01-07T15:42:43+00:00,100.0
8901063162914,Marie Gold Biscuit,Britannia,Biscuits,"india, united kingdom",445.0,7.9,79.5,21.2,10.6,5.1,0.0,316.0,"REFINED WHEAT FLOUR (MAIDA) (73%), SUGAR, REFINED PALM OIL, INVERT SUGAR SYRUP, MILK PRODUCTS (MILK SOLIDS & SWEETENED CONDENSED PARTLY SKIMMED MILK), RAISING AGENTS [503(i)&500), 10DISED SALT, MINERALS, ARTIFICIAL (MILK & VANILLA) & NATURE IDENTICAL FLAVOURING SUBSTANCES, EMULSIFIER (472e), DOUGH CONDITIONER (223) VITAMINS AND COLOUR (150d).","gluten, milk","vegetarian, halal, iso 22000, fssc iso 22000, green dot india, haccp, no trans fat",https://images.openfoodfacts.org/images/products/890/106/316/2914/front_en.3.400.jpg,2026-03-27T23:47:28+00:00,100.0
8901063162532,Marie gold,Britannia,Biscuits,india,445.0,7.9,79.5,21.2,10.6,5.1,0.0,0.0,,,,https://images.openfoodfacts.org/images/products/890/106/316/2532/front_en.5.400.jpg,2025-07-08T02:36:17+00:00,85.71
8901088129800,Masala Oats,Saffola,Oats,india,340.0,9.9,71.8,5.7,7.2,1.3,12.9,2402.0,"Rolled Oats (69.3%), Maltodextrin, Salt, Dried Vegetables (Carrot (1.5%), Green Peas (1%), French Beans (0.7%), Onion Powder and Sugar, Refined Rice Bran oil, Desiccated Coconut Powder (2.1%), Spices & Condiments (1.6%) (Chilly, Turmeric, Ginger, Cardamom, Cinnamon, Curry Leaves, Garlic), Milk Solids, Tomate Hydrolysed Vegetable Protein, Yeast Extract, Anticaking Agent (INS 551), Acidity Regulator (INS 330), Flavour Enhancers (INS 627, INS 631). CONTAINS PERMITTED NATURAL COLOUR (INS 100) AND ADDED FLAVOURS - NATURAL AND NATURE IDENTICAL FLAVOURING SUBSTANCES.",milk,,https://images.openfoodfacts.org/images/products/890/108/812/9800/front_en.20.400.jpg,2026-03-13T19:25:36+00:00,100.0
8901088068741,Masala Oats - Peppy Tomato,Saffola,Oats,india,363.157894736842,8.68421052631579,70.0,7.36842105263158,7.63157894736842,1.31578947368421,10.0,1915.79,"Rolled Oats (75%), maltodexrin, Spices and Condiments (5.8%) (Onion, Pepper, Garlic, Coriander, Cumin, Fenugreek, Ginger, Turmeric, Cinnamon, Clove), Salt, Sugar, Dried Vegetables (Carrot (0.7% ), French Beans (0.5%), Tomato (0.3 %), Hydrolysed vegetable Protein, Wheat Powder, Flavour Enhancer (627, 631), Antioxidant (320). CONTAINS ADDED FLAVOUR - NATURAL AND NATURE IDENTICAL FLAVOURING SUBSTANCES.",gluten,"vegetarian, green dot india",https://images.openfoodfacts.org/images/products/890/108/806/8741/front_en.24.400.jpg,2025-11-23T08:56:26+00:00,100.0
8901262200011,Masti Dahi,Amul,Yogurt,india,55.0,3.4,3.9,3.9,2.6,1.7,0.0,43.0,"Pasteurised toned milk, milk solids, active culture. Allergen Information: Contains milk.",milk,,https://images.openfoodfacts.org/images/products/890/126/220/0011/front_en.3.400.jpg,2026-03-12T12:50:45+00:00,100.0
8901262200035,Masti Dahi,Amul,Yogurt,india,65.0,4.0,4.6,4.6,3.1,2.0,,50.0,,,,https://images.openfoodfacts.org/images/products/890/126/220/0035/front_en.10.400.jpg,2026-04-05T10:53:14+00:00,85.71
0020357122682,Milk,Mestla,Milk,"germany, india",,,,,,,,,,,,,2025-11-18T16:30:53+00:00,78.57
8901262150088,Milk,Amul,Milk,india,58.0,3.0,4.8,4.8,3.0,2.0,0.0,37.0,Milk,milk,"vegetarian, no preservatives, green dot india",https://images.openfoodfacts.org/images/products/890/126/215/0088/front_en.51.400.jpg,2026-08-14T14:40:46+00:00,100.0
8906031251720,Milk Masti Bread,Chakote,Bread,india,,,,,,,,,,,"vegetarian, green dot india",https://images.openfoodfacts.org/images/products/890/603/125/1720/front_en.13.400.jpg,2026-01-29T14:27:01+00:00,85.71
8901071732413,Milk shake chocolate flavour 180ml,Hershey's,Milk,india,90.0,1.77777777777778,16.7777777777778,16.7777777777778,1.88888888888889,1.38888888888889,0.0,51.67,"Water, Sugar, Milk Solids (8%), Cocoa Solids (0.75%), Emulsifiers (460(i),466, 471), Mineral (Calcium carbonate), Flavours (Nature Identical Flavouring Substances), Sequestrant (339 (ii)), Edible Common Salt, Mineral (Zinc Sulphate), Vitamin E (Acetate), Vitamin A (Acetate), Vitamin D2 (Ergocalciferol), Vitamin B1 (Thiamine Chloride Hydrochloride), & Vitamin B2 (Riboflavin)",milk,,https://images.openfoodfacts.org/images/products/890/107/173/2413/front_en.17.400.jpg,2026-08-19T08:08:27+00:00,100.0
8904083302070,MilkyMist Fruit Yogurt,Milky Mist,Yogurt,india,103.5,3.6,15.3,15.3,3.1,1.3,,21.0,,,"vegetarian, green dot india",https://images.openfoodfacts.org/images/products/890/408/330/2070/front_en.5.400.jpg,2026-05-21T18:30:40+00:00,85.71
8908002984965,Millet muesli,Tata Soulfoul,Muesli,india,390.0,11.5,59.6,3.9,11.7,2.9,7.9,65.0,"Rolled Oats (33.6%), Millets(20.2%) [Jowar(10.2%), Ragi(10%)], Brown Rice Fakes (15%), Seeds(12%) [Flax(8%), Chia(2%), Pumpkin(2%)], Corn Flakes (5%), Black Raisins (4%), Almonds (3%), Rice Flour(4.2%), Rice Bran Oil, Chia Seeds, Anticaking Agent [INS 170(i)] , Natural Flavour, Antioxidant [INS(307(b), INS 320], Acidity Regulator[INS 330].",nuts,,https://images.openfoodfacts.org/images/products/890/800/298/4965/front_en.3.400.jpg,2025-06-13T13:53:06+00:00,100.0
8904043551548,Modern 100% Whole Wheat Bread,Modern,Bread,india,264.444444444444,8.78,43.54,3.67,2.73,1.33,6.4,389.7,"Whole Wheat Flour (Atta) (57.3%), Sugar, Gluten, Yeast, Edible Vegetable Oil (Refined Sunflower Oil), lodized Salt, Milk Solids, Oat Flour, Soya Flour, Preservatives (282, 200), Malt Product, Flour Treatment Agents (510, 1100(i)), Acidity Regulators (341(1), 260), Emulsifier (471) and Antioxidant (300).","gluten, milk, soybeans","vegetarian, green dot india",https://images.openfoodfacts.org/images/products/890/404/355/1548/front_en.15.400.jpg,2026-04-18T10:48:00+00:00,100.0
8904043552644,Modern Sandwich Supreme Bread,Modern,Bread,india,254.0,7.9,51.0,6.72,2.1,1.37,,467.0,,,,https://images.openfoodfacts.org/images/products/890/404/355/2644/front_en.15.400.jpg,2026-01-24T07:22:21+00:00,85.71
8901262151368,Moti,Amul,Milk,india,58.0,3.0,4.8,4.8,3.0,2.0,,37.0,Milk,milk,"vegetarian, green dot india",https://images.openfoodfacts.org/images/products/890/126/215/1368/front_en.11.400.jpg,2025-09-20T18:15:47+00:00,100.0
8906014903592,Muesli Fruit & Nut,Kwality,Muesli,india,344.0,8.2,70.0,12.0,2.2,0.04,6.3,77.5,"Multi grains 76.2% [Wheat Flakes (30%) (Wheat, sugar, salt, malt extract, Emulsifier (INS322)). Corn flakes (25%) (Corn grits, sugar, Malt extract, salt, Emulsifier (INS322)), Rolled Oats (15%), Brown Rice Flakes (6.2%)], Sugar, Dehydrated fruits & Nuts (Raisins (2%), Dehydrated Papaya (2%), Almond (1%), Dehydrated Apple (0.8%)), Salt, Acidity regulator (INS 330), Antioxidant (INS 307b).","gluten, nuts","vegetarian, green dot india",https://images.openfoodfacts.org/images/products/890/601/490/3592/front_en.3.400.jpg,2026-01-06T14:54:50+00:00,100.0
8901499023339,"Muesli Fruit, Nut & Seeds",Kellogg's,Muesli,india,382.0,8.1,79.0,21.6,5.2,0.9,6.5,130.0,"MULTIGRAIN MIX (66%) {CORN GRITS (18.3%), WHEAT (16.5%), RICE (9.7%), ROLLED BARLEY (8%), ROLLED OATS (8%), RAGI MILLET FLOUR (3.5%), RICE FLOUR, CORN MEAL, REFINED WHEAT FLOUR (MAIDA)}, CANDIED FRUITS, DRY FRUITS, NUT & SEED (21%) {CANDIED PAPAYA (5%), ALMONDS (3.5%), PUMPKIN SEEDS (3.5%), CANDIED CRANBERRY (3%), BLACK CURRANTS (3%), BLACK RAISINS (3%)}, SUGAR, CEREAL EXTRACT, WHEAT BRAN, HONEY, OLIGOFRUCTOSE, IODIZED SALT, COCOA SOLIDS VITAMINS, COLOURS (INS 140, INS 150d), FLAVOURS {NATURE IDENTICAL & ARTIFICIAL (COCONUT)}, ANTIOXIDANT (INS 307b) AND MINERAL. ALLGEN DECLARATION: CONTAINS WHEAT, BARLEY, OATS, NUT (ALMONDS), SULPHITE MAY CONTAIN OTHER NUTS, SOY AND MILK. SOME CANDIED AND DRY FRUITS CONTAIN SULPHITE TO MAINTAIN COLOUR","gluten, nuts, sulphur dioxide and sulphites","vegetarian, green dot india",https://images.openfoodfacts.org/images/products/890/149/902/3339/front_en.3.400.jpg,2026-07-19T16:48:34+00:00,100.0
8901499010513,"Muesli Fruit, Nut & Seeds",Kellogg's,Muesli,india,,8.1,80.0,21.8,5.1,0.9,6.4,140.0,"multigrain (66.4%) (wheat (24.6%), corn grits (15.7%) rice (10.1%), rolled barley (8 %), rolled oats (8%)), candied & dry fruits, nut & seed (21%) (candied papaya (6%), candied cranberry (4%), Raisins (4%), almonds (4%), pumpkin Seeds (3%), sugar. Cereal Extract, wheat bran, lodized Salt, vitamins, Flavour (Artificial (Coconut)), Minerals and Antioxidants (INS 320, INS 307b)","gluten, nuts, sulphur dioxide and sulphites","vegetarian, green dot india",https://images.openfoodfacts.org/images/products/890/149/901/0513/front_en.12.400.jpg,2026-06-05T14:19:54+00:00,100.0
8908005144632,Muesli dark chocolate cranberry,Yoga bar,Muesli,india,437.0,12.3,67.0,6.7,13.3,4.9,9.4,90.6,"Whole Grains 66% {Rolled Oats, Rice Flakes, Quinoa Flakes), Dark Chocolate Paste 12% (Sugar, Edible Vegetable Fat, Cocoa Solids, Soy Lecithi &Natural Flavours), Seeds & Nuts 10.8% (Chia. Flax. Almond, Pumpkin). Dehydrated Fruits 6.5% (Raisins. Cranberry 2.5%). Dates Syrup. Cocoa Powder. Rice Br Oil, Natural Flavours, Jaggery Syrup. Cocoa Mass. Himalayan",nuts,"vegetarian, green dot india, whole grain",https://images.openfoodfacts.org/images/products/890/800/514/4632/front_en.4.400.jpg,2026-04-04T13:11:36+00:00,100.0
8908005144649,Muesli+ (Fruits + Nuts & Seeds),Yoga Bar,Muesli,india,418.0,13.0,70.0,4.8,9.5,1.9,7.4,61.2,"60% Whole Grains (Rolled Oats, Brown Rice Flakes, Quinoa Flakes), 17% Dried Fruits (Raisins, Apricots, Cranberry, Blackcurrants), 14% Seeds & Nuts (Pumpkin, Almonds, Chia, Flax), Strawberry Powder, Date Syrup, Jaggery, Rice Bran Oil, Himalayan Pink Salt. CONTAINS ADDED NATURAL FLAVOUR",nuts,,https://images.openfoodfacts.org/images/products/890/800/514/4649/front_en.26.400.jpg,2025-08-22T08:35:18+00:00,100.0
8906001387114,Multi Grain High Fibre Bread,English Oven,Bread,india,310.55,11.21,54.31,4.74,3.09,1.1,10.27,435.0,"REFINED WHEAT FLOUR (MAIDA), WATER, MULTIGRAIN MIX (20% - OAT FLAKES, SUNFLOWER, LINSEED, SESAME SEED, SOYA GRIT, MELON SEEDS), YEAST, SUGAR, EDIBLE VEGETABLE OILS (PALM), WHEAT GLUTEN, EDIBLE COMMON SALT, MALT FLOUR, BROKEN WHEAT, SOYA FLOUR, CLASS II PRESERVATIVE (282), ACIDITY REGULATOR (260), EMULSIFIERS [471,472e, 481 (0)1, IMPROVERS [1700), 510, 923, 1100] AND ANTIOXIDANT (300). (NUMBERS IN BRACKETS ARE AS PER INTERNATIONAL NUMBERING SYSTEM) ALLERGEN DECLARATION: PRODUCT CONTAINS WHEAT FLOUR (GLUTEN), SEEDS, OATS, SOYA FLOUR AS ALLERGENS.","gluten, sesame seeds, soybeans",,https://images.openfoodfacts.org/images/products/890/600/138/7114/front_en.25.400.jpg,2026-01-02T09:06:07+00:00,100.0
8906010500559,Mung Dal,Balaji,Snacks,india,504.0,22.7,54.5,1.0,17.5,8.0,,385.0,"INGREDIENTS: MUNG BEAN SPLITS (85%), EDIBLE VEGETABLE OIL (PALMOLEIN, RICE BRAN), EDIBLE COMMON SALT, BLACK SALT.",,,https://images.openfoodfacts.org/images/products/890/601/050/0559/front_es.15.400.jpg,2026-08-27T10:47:17+00:00,92.86
8904327600405,Myfitness Chocolate Peanut Butter,Myfitness,Peanut Butter,india,625.0,26.0,19.0,10.0,50.0,10.0,,350.0,"Roasted Peanuts, Dark Chocolate, Brown Sugar, Salt, Stabilizer (INS471). Allergen Info: Contains Peanuts And Soya Peanut Butter (Proprietary Food-4.2.2.5)",peanuts,,https://images.openfoodfacts.org/images/products/890/432/760/0405/front_en.3.400.jpg,2025-06-18T10:37:24+00:00,100.0
8904327600931,Myfitness Chocolate peanut butter,,Peanut Butter,india,615.625,25.0,18.75,9.375,46.875,9.375,6.25,346.88,,,,https://images.openfoodfacts.org/images/products/890/432/760/0931/front_fr.8.400.jpg,2025-11-19T14:51:44+00:00,78.57
8904327600382,Myfitness Original Peanut Butter (Smooth),Myfitness,Peanut Butter,india,625.0,25.0,18.75,9.375,50.0,9.375,6.25,350.0,"Roasted Peanuts, Brown Sugar, Pink Himalayan Salt, Permitted Stabilizing Agent (INS 471)",peanuts,"vegetarian, green dot india",https://images.openfoodfacts.org/images/products/890/432/760/0382/front_en.3.400.jpg,2024-12-17T18:13:25+00:00,100.0
8904327600924,Myfitness Peanut Butter,Myfitness,Peanut Butter,india,637.0,23.0,24.0,12.0,50.0,12.0,9.0,54.4,,,"vegetarian, green dot india",https://images.openfoodfacts.org/images/products/890/432/760/0924/front_fr.3.400.jpg,2024-10-08T15:28:49+00:00,85.71
8904327600399,Myfitness Peanut butter,Myfitness,Peanut Butter,india,625.0,26.0,19.0,10.0,50.0,10.0,5.0,350.0,"Roasted Peanuts, Brown Sugar, Pink Himalayan Salt, Permitted Stabilizing Agent (INS 471)",peanuts,"vegetarian, gost, green dot india, iso 9001, iso 9001 2015",https://images.openfoodfacts.org/images/products/890/432/760/0399/front_en.23.400.jpg,2026-05-25T18:32:56+00:00,100.0
8906127550010,Natural Peanut Butter Crunch,ALPINO,Peanut Butter,"india, united kingdom",625.0,30.0,18.0,3.0,49.0,12.0,6.0,25.0,Roasted Peanuts (100%),peanuts,"vegetarian, green dot india",https://images.openfoodfacts.org/images/products/890/612/755/0010/front_en.3.400.jpg,2026-05-19T10:49:27+00:00,100.0
8904320002565,OATS,Disano,Oats,india,398.0,17.83,65.07,1.0,7.38,1.31,14.1,0.01,Rolled Oats,,"vegetarian, green dot india",https://images.openfoodfacts.org/images/products/890/432/000/2565/front_en.16.400.jpg,2026-04-12T09:26:40+00:00,92.86
8901491702188,Oats,Quaker,Oats,india,407.5,11.75,68.5,1.75,9.5,2.0,10.0,9.5,,,,https://images.openfoodfacts.org/images/products/890/149/170/2188/front_en.3.400.jpg,2025-08-19T20:10:26+00:00,85.71
8901491103800,Oats,Quaker,Oats,india,407.0,11.8,68.5,1.8,9.5,1.9,10.0,9.5,Rolled Oats Flakes,,"vegetarian, green dot india",https://images.openfoodfacts.org/images/products/890/149/110/3800/front_en.4.400.jpg,2026-05-18T10:45:26+00:00,92.86
8901499007704,Oats,Kellogs,Oats,india,,,,,,,,,Rolled Oats (100%),,,https://images.openfoodfacts.org/images/products/890/149/900/7704/front_en.23.400.jpg,2025-09-12T02:09:27+00:00,92.86
8901491103794,Oats,"Pepsico, Quaker",Oats,india,407.0,11.8,68.5,1.8,9.5,1.9,10.0,9.5,"ROLLED OAT FLAKES ALLERGEN ADVICE: MAY CONTAIN WHEAT, BARLEY.",,"vegetarian, green dot india",https://images.openfoodfacts.org/images/products/890/149/110/3794/front_en.41.400.jpg,2026-06-14T12:57:08+00:00,92.86
8906116957585,Oats,Muscle blaze,Oats,india,377.61,22.0,60.0,13.9,8.29,3.53,12.5,69.0,"Instant Oats (47.9%), Texturized Soy Protein (22%), Fruit & Seeds (13.5%) (Raisins, Chia Seeds & Pumpkin Seeds), Raw Sugar, Cocoa Solids, Natural & Nature Identical Flavouring Substance and Pink Salt.",,"vegetarian, green dot india",https://images.openfoodfacts.org/images/products/890/611/695/7585/front_en.6.400.jpg,2026-08-31T14:46:52+00:00,92.86
8901499010230,Oats,Kellog's,Oats,india,379.0,11.6,67.8,1.3,9.0,1.7,10.0,7.0,Oats,gluten,,https://images.openfoodfacts.org/images/products/890/149/901/0230/front_en.10.400.jpg,2024-04-17T14:13:15+00:00,100.0
8904132928657,Oats,Aarambh,Oats,india,428.0,12.2,68.9,1.3,9.1,1.8,10.7,5.7,Rolled Oats,,"vegetarian, green dot india",https://images.openfoodfacts.org/images/products/890/413/292/8657/front_en.5.400.jpg,2025-06-07T08:37:12+00:00,92.86
8901088055772,Oats,Saffola,Oats,india,369.0,12.6,66.8,0.5,8.0,1.6,10.4,5.0,Rolled Oats Allergen Advice: Contains Oats. May contains traces of other Cereals containing gluten. 100% Wholegrain,gluten,"vegetarian, green dot, green dot india, whole grain",https://images.openfoodfacts.org/images/products/890/108/805/5772/front_en.39.400.jpg,2026-08-03T07:09:08+00:00,100.0
8901491702546,Oats Multigrain,Quaker,Oats,india,407.0,11.1,71.0,2.2,9.0,1.8,12.0,117.0,Oat flakes,,"vegetarian, green dot india",https://images.openfoodfacts.org/images/products/890/149/170/2546/front_fr.3.400.jpg,2025-11-18T13:25:32+00:00,92.86
7622202225512,Original Oreo,Cadbury,Biscuits,"india, united states",483.0,5.2,71.9,38.9,19.6,9.7,,420.0,"Refined Wheat Flour (Maida), Sugar, Fractionated Fat, Palmolein, Invert Sugar, Cocoa Solids (2%) Lening Agents 50g (i), 503(ii), Starch, lodised Salt, Emulsifies Naturetical Flavouring Substances. Allergen Inition Contains Wheat, Sulphite, Soy. May Contain and Barley. T&C apply €40 e 2025/7/18 21:04","gluten, soybeans, sulphur dioxide and sulphites",,https://images.openfoodfacts.org/images/products/762/220/222/5512/front_en.28.400.jpg,2026-09-01T12:15:21+00:00,100.0
8908010900216,PEANUT BUTTER,Pintola,Peanut Butter,"india, united states",580.0,18.6,36.4,19.0,40.0,11.0,5.2,15.0,"Peanuts (68%), Dark Chocolate (30%) {Sugar Cocoa Solids, Cocoa butter, Emulsifier (INS 322)}, Stabilizer (INS471)",peanuts,,https://images.openfoodfacts.org/images/products/890/801/090/0216/front_en.3.400.jpg,2026-03-27T02:34:02+00:00,100.0
8901262202299,PROTEIN DAHL,Amul,Yogurt,india,68.0,6.3,10.0,10.0,0.1,0.1,,84.0,"Pasteurised skimmed milk, milk solids, enzyme (beta-galact active culture, probiotic bacterial strain (Bifidobacterium lactis - minimum 10 CR *Colony Forming Unit Allergen Information: Contains milk. 'CONTAINS NATURALLY OCCURRING SUGARS'.",milk,no lactose,https://images.openfoodfacts.org/images/products/890/126/220/2299/front_en.4.400.jpg,2026-06-10T07:28:50+00:00,100.0
8901719134852,Parle G biscuit,Parle,Biscuits,india,,6.9,77.3,25.5,13.0,6.0,0.0,0.0,Energy.protrin.carbohydrate.,,,https://images.openfoodfacts.org/images/products/890/171/913/4852/front_en.3.400.jpg,2026-02-22T06:45:28+00:00,92.86
8901719123870,Parle-G 250g,Parle,Biscuits,india,,,,,,,,,,,,https://images.openfoodfacts.org/images/products/890/171/912/3870/front_en.27.400.jpg,2026-08-14T09:37:49+00:00,85.71
8901719134845,Parle-G Biscuit,Parle,Biscuits,india,454.0,6.9,77.3,25.5,13.0,6.0,,296.0,"REFINED WHEAT FLOUR (MAIDA) 68%, SUGAR, REFINED PALM OIL, INVERT SUGAR SYRUP (SUGAR, CITRIC ACID), IODISED SALT, RAISING AGENTS [INS 503(ii), 500(ii)], MILK SOLIDS, FLOUR TREATMENT AGENTS [INS 1101(ii)] AND EMULSIFIER OF VEGETABLE ORIGIN [INS 472e] CONTAINS ADDED FLAVOURS (ARTIFICIAL FLAVOURING SUBSTANCE - VANILLA)mm","gluten, milk",,https://images.openfoodfacts.org/images/products/890/171/913/4845/front_en.11.400.jpg,2026-08-03T19:26:32+00:00,100.0
8906041150501,Pasteurised Buttermilk,Katraj Dairy,Milk,"india, united kingdom",,1.36,,,,,,89.42,"Water, Curd, lodised Salt CONTAINS MILK",milk,,https://images.openfoodfacts.org/images/products/890/604/115/0501/front_en.3.400.jpg,2026-03-27T23:47:58+00:00,100.0
8906009501031,Pasteurised Cow Milk,Chitale,Milk,india,69.0,3.6,5.1,4.7,3.8,2.7,,15.1,PASTEURISED COW MILK,milk,,https://images.openfoodfacts.org/images/products/890/600/950/1031/front_en.5.400.jpg,2026-08-06T17:39:15+00:00,100.0
8908000794023,Pasteurised full cream milk,Gokul,Milk,"india, united kingdom",92.0,3.6,4.8,4.8,6.5,4.9,0.0,0.0,,,Gokul pasteurised full cream milk,https://images.openfoodfacts.org/images/products/890/800/079/4023/front_en.3.400.jpg,2026-03-27T23:47:29+00:00,85.71
8908010900162,Peanut Butter,Pintola,Peanut Butter,india,605.0,26.0,22.0,9.0,44.6,9.0,7.2,280.0,"Peanuts (91%), Sugar, Stabilizer (INS471) & Iodised Salt.",peanuts,,https://images.openfoodfacts.org/images/products/890/801/090/0162/front_en.5.400.jpg,2026-08-28T01:05:47+00:00,100.0
8904320015404,Peanut Butter - Crunchy,Disano,Peanut Butter,"india, japan",612.5,26.0,19.0,9.0,49.0,9.0,4.2,132.5,"Roasted Peanuts (91%), Sugar, Stabilizer (INS471), lodised Salt.",peanuts,"vegetarian, green dot india",https://images.openfoodfacts.org/images/products/890/432/001/5404/front_en.5.400.jpg,2026-02-16T19:53:35+00:00,100.0
8908010900063,Peanut Butter All Natural Creamy Unsweetened,Pintola,Peanut Butter,"india, nepal",639.0,30.0,18.0,3.0,49.0,7.0,9.0,19.0,100% TURAL D,,100 natural,https://images.openfoodfacts.org/images/products/890/801/090/0063/front_en.23.400.jpg,2026-05-07T19:50:36+00:00,92.86
8901030980053,Peanut Butter Crunchy,Kissan,Peanut Butter,india,612.0,25.7,20.3,10.1,49.5,9.3,8.6,253.0,"Per Serve (30g) kcal feat 184 9% MKTD. BY: HINDUSTAN UNILEVER LTD. (HUL), UNILEVER HOUSE, B. D. SAWANT MARG, CHAKALA, ANDHERI (E), MUMBAI 400 099, MAHARASHTRA. MFG. BY: BONVILLE FOODS PVT. LTD., S.R. No.-71 NEAR SADBHAV COTTON IND, LAJAI JADESHVER ROAD, AT. HADMATIYA (PALANPIRL TA. TANKARA, DIST. MORBI-363 650, (GUJ.). FSSAI LIC. No. 10018021003055. KISSAN IS REGISTERED TRADEMARK OF HINDUSTAN UNILEVER LIMITED. HUL 2020 PEANUT BUTTER INGREDIENTS: ROASTED PEANUTS (91%), SUGAR, HYDROGENATED RAPESEED OIL (TO PREVENT OIL SEPARATION, IODISED SALT. CONTAIN PEANUTS. STORE IN A COOL, DRY & HYGIENIC PLACE AWAY FROM DIRECT SUNLIGHT AFTER OPENING, KEEP REFRIGERATED. IT IS NATURAL TO HAVE SOME OIL SEPARATION ON TOP, STIR IT WELL BEFORE SCOOPING KISSAN PEANUT BUTTER, WITH 100% REAL PEANUTS HANDPICKED FROM THE FARMS OF GUJARAT, IS A RICH SOURCE OF PROTEIN. SCAN HERE KISSE kissan SE Of RDA NET WEIGHT: 350 g fra N D Pe qu of",,"vegetarian, green dot india",https://images.openfoodfacts.org/images/products/890/103/098/0053/front_de.3.400.jpg,2026-06-08T11:25:00+00:00,92.86
8906002006243,Peanut Butter Crunchy,Dr. Oetker FUNFOODS,Peanut Butter,india,,,,,,,,,"Roasted Peanuts (91%),Sugar, Edible Vegetable Fat (Soyabean), lodised Salt.",peanuts,,https://images.openfoodfacts.org/images/products/890/600/200/6243/front_en.4.400.jpg,2026-01-28T11:06:30+00:00,100.0
8901512144706,Peanut Butter Regular Creamy,Sundrop,Peanut Butter,india,647.0,26.8,15.2,11.7,55.0,14.8,7.8,215.0,"Roasted Peanuts (90%), Sugar, Stabilizer (Mono and Diglycerides of Fatty Acids), Refined Edible Groundnut Oil (TBHQ) & lodized Salt.",peanuts,"vegetarian, green dot india",https://images.openfoodfacts.org/images/products/890/151/214/4706/front_en.13.400.jpg,2025-11-24T10:30:17+00:00,100.0
8906069401210,Peanut butter,veeba,Peanut Butter,india,630.78,26.35,18.8,7.89,50.02,3.41,,365.91,"ROASTED PEANUTS (91.0%), SUGAR, EMULSIFIER AND STABILIZER (INS471) AND IODISED SALT",peanuts,"vegetarian, green dot india",https://images.openfoodfacts.org/images/products/890/606/940/1210/front_fr.3.400.jpg,2025-11-26T17:12:36+00:00,100.0
8908010900056,Peanut butter,Pintola,Peanut Butter,india,639.0,30.0,18.0,3.0,49.0,7.0,9.0,19.0,,,,https://images.openfoodfacts.org/images/products/890/801/090/0056/front_en.3.400.jpg,2026-08-13T14:43:14+00:00,85.71
8901512144805,Peanut butter,Sundrop,Peanut Butter,"india, united kingdom",619.0,26.0,22.7,9.2,48.0,11.5,4.0,142.0,"Roasted Peanuts (92.3%), Sugar, Hydrogenated Vegetable Fat, Refined Edible Groundnut Oil (TBHQ), lodized Salt Contains Nuts. 20",,,https://images.openfoodfacts.org/images/products/890/151/214/4805/front_en.13.400.jpg,2026-03-27T16:41:06+00:00,92.86
8904327600887,Peanut butter,MyFitness,Peanut Butter,india,634.6875,26.875,23.75,8.125,48.125,14.375,9.0625,109.06,,,,https://images.openfoodfacts.org/images/products/890/432/760/0887/front_en.18.400.jpg,2026-07-01T11:33:56+00:00,85.71
8904320015398,Peanut butter Creamy,Disano,Peanut Butter,india,612.5,25.0,19.0,9.0,49.0,9.0,4.1875,132.5,"Roasted Peanuts (91%), Sugar, Stabilizer(INS471), lodised Salt.",peanuts,"vegetarian, green dot india",https://images.openfoodfacts.org/images/products/890/432/001/5398/front_en.9.400.jpg,2026-05-07T19:55:21+00:00,100.0
8906136652033,Pintola High Protein Oats Dark Chocolate,Pintola,Oats,india,372.5,22.0,58.5,14.5,8.25,3.25,9.5,133.0,,,"vegetarian, green dot india",https://images.openfoodfacts.org/images/products/890/613/665/2033/front_en.3.400.jpg,2025-05-31T13:46:30+00:00,85.71
8908010900995,Pintola High Protien Peanut Butter,Pintola,Peanut Butter,"india, world",584.375,30.0,26.875,15.625,38.125,6.875,6.25,14.06,"Peanuts (60%), Dark Chocolate (30%) (Sugar, Cocoa Solids, Cocoa butter, Emulsifier (INS 322)), Whey Protein Concentrate (European Origin) (10%)","milk, peanuts","iso 22000, iso 22000 2018",https://images.openfoodfacts.org/images/products/890/801/090/0995/front_en.23.400.jpg,2025-10-08T04:19:43+00:00,100.0
8908010900070,Pintola all natural peanut butter (crunchy),Pintola,Peanut Butter,"india, united states",639.0,30.0,,3.0,49.0,7.0,9.0,19.0,Peanuts,peanuts,"vegetarian, no gluten, iso 22000, vegan, 100 natural, green dot, green dot india, iso 22000 2018, no hydrogenated fats, no palm oil",https://images.openfoodfacts.org/images/products/890/801/090/0070/front_en.22.400.jpg,2026-01-28T10:23:12+00:00,100.0
8901063325760,Premium Bake Rusk,"Britannia, Toastea",Bread,india,,,,,,,,,,,"vegetarian, green dot india",https://images.openfoodfacts.org/images/products/890/106/332/5760/front_en.13.400.jpg,2026-07-21T03:16:21+00:00,85.71
8904083305071,Pro Biotic Curd,Milky Mist,Yogurt,india,61.8,3.5,5.2,,3.0,,,45.0,"Pasteurised Toned Milk, Active Lactic Culture and Probiotic Culture (Bifidobacterium lactis & Lactobacillus acidophilus)",milk,"vegetarian, green dot india",https://images.openfoodfacts.org/images/products/890/408/330/5071/front_en.3.400.jpg,2026-03-12T12:06:15+00:00,100.0
8901262152952,Protein Buttermilk,Amul,Yogurt,india,54.0,7.5,4.0,4.0,0.5,0.3,,0.05,"_Milk_ solids, water, iodized salt, stabilizers (440, 418), active culture",milk,,https://images.openfoodfacts.org/images/products/890/126/215/2952/front_en.27.400.jpg,2026-05-12T08:08:19+00:00,100.0
8901262153607,Protein Lassi - Plain,Amul,Yogurt,india,62.0,7.5,6.0,1.6,0.85,0.5,,32.0,"Milk solids, water, sweetener (965, 960), stabilizers [440, 418, 331 (iii)], acidity regulator (330), enzyme (beta galactosidase), active culture. Allergen Information: Contains milk. 'CONTAINS NATURALLY OCCURRING SUGARS'",milk,"no added sugar, no lactose",https://images.openfoodfacts.org/images/products/890/126/215/3607/front_en.7.400.jpg,2026-04-02T16:27:35+00:00,100.0
8904335603405,Protein Muesli,Yogabar,Muesli,india,386.0,23.0,53.1,20.2,10.7,3.9,7.5,89.6,,,,,2026-05-19T04:58:51+00:00,78.57
8906112662414,Rolled oats,True Elements,Oats,india,410.9,12.0,68.3,0.0,10.0,2.9,9.5,5.4,Rolled Oats,,"vegetarian, green dot india, Whole Grain Council",https://images.openfoodfacts.org/images/products/890/611/266/2414/front_en.16.400.jpg,2026-08-25T12:26:37+00:00,92.86
8901088068734,Saffola Masala Oats - Classic Masala,Saffola,Oats,india,365.789473684211,8.68421052631579,70.5263157894737,6.05263157894737,7.63157894736842,1.84210526315789,9.73684210526316,2088.95,"Rolled Oats (73.9 %), Maltodectrin, Salt, Spices and Condiments (34%) (Onions, Tumeric, Pepper, Cumin, Garlic, Fenugreek, Clove, Nutmeg, Red Chili), Dried Vegetables (Carrots (1.15%), Onions Flakes (1.15%), Green Peas(0.69%)), Sugar, Starch, Hydrolysed Vegetable Protein, Wheat Powder, Flavour Enhancers NS 627,631), Anlioxidant (320). CONTAINS ADDED FLAVOUR-NATURAL AND NATURE IDENTICAL FLAVOURING SUBSTANCES.","gluten, none",,https://images.openfoodfacts.org/images/products/890/108/806/8734/front_en.19.400.jpg,2025-11-11T13:27:14+00:00,100.0
8901088068758,Saffola Masala Veggie Twist Oats,Saffola,Oats,india,376.0,8.8,69.2,5.1,9.9,3.4,12.4,2283.0,"Bled Oats (73.6%), Maltodextrin, lodised Salt, Dried Vegetables Carot (1.6%). Green Peas (1.15%), French Beans (0.7%), Onion Pader Sugar, Desiccated Coconut Powder, Spice & Condiments 30%) (Chilly. Turmeric, Ginger, Cardamom, Cinnamon, Curry ves Garlic), Milk Solids, Tomato Powder (1.2%), Hydrolysed hrtable Protein, Yeast Extract, Acidity Regulator (INS 330), Rovour Enhancers (INS 631, INS 627), Colour (INS 100), are-identical Flavouring Substances.","milk, Contains Oats, Soy & Nut.",,https://images.openfoodfacts.org/images/products/890/108/806/8758/front_en.26.400.jpg,2025-03-20T01:50:05+00:00,100.0
8901088213608,Saffola Oats,"Saffola, Marico",Oats,india,369.0,12.6,66.8,0.5,8.0,1.6,10.4,5.0,Rolled Oats,,"vegetarian, green dot india",https://images.openfoodfacts.org/images/products/890/108/821/3608/front_en.3.400.jpg,2024-12-09T14:32:09+00:00,92.86
8901088081344,Saffola Peanut Butter,Saffola,Peanut Butter,india,629.0,24.3,21.4,13.9,50.9,11.2,6.0,0.0,,,"vegetarian, green dot india",https://images.openfoodfacts.org/images/products/890/108/808/1344/front_en.7.400.jpg,2025-12-26T05:05:42+00:00,85.71
8901088081313,Saffola Peanut Butter Crunchy,Saffola,Peanut Butter,india,,,,,,,,,"Roasted Peanuts (84%)~, Cane Jaggery Powder (13%), Stabilizer (INS 471), Hydrogenated Soyabean Oil, lodised Salt, Natural and Nature-Identical Flavouring Substance.","nuts, peanuts, soybeans, sulphur dioxide and sulphites","vegetarian, green dot india",https://images.openfoodfacts.org/images/products/890/108/808/1313/front_en.3.400.jpg,2026-01-09T13:41:10+00:00,100.0
8906029110022,Sliced Bread,Wibs,Bread,india,235.812672176309,5.50964187327824,52.0661157024793,1.65289256198347,0.550964187327824,0.303030303030303,,469.42,"13% OAS 5% 0% Pure Veg CONTAINS: REFINED WHEAT FLOUR (MAIDA), WATER, YEAST, IODISED SALT, VANASPATI, SUGAR, SOYA FLOUR, PERMITTED CLASSI PRESERVATIVES (E 282, 260) AND IMPROVERS. (E 1100) NETT WEIGHT 400 g Contains Wheat & Soya","gluten, soybeans",,https://images.openfoodfacts.org/images/products/890/602/911/0022/front_en.24.400.jpg,2025-09-19T03:28:40+00:00,100.0
8902579002329,Smoodh toffee caramel,parley Agro,Milk,india,95.7,3.42,15.33,16.35,2.3,1.5,0.0,80.0,"MILK SOLIDS, MATER, SUGAR, DEXTROSE, MALT EXTRACT, NATURAL COLOUR (INS 150c) (0.57%), EMULSIFIERS AND STABILIZERS [INS 450(1), INS 471, INS 466, INS 407, INS 340, INS 452), COCOA SOLIDS, MATURE-IDENTICAL AND ARTIFICIAL FLAYOURING SUBSTANCES (CARAMEL, TOFFEE AND YANILLA) AND IODISED SALT. (EQUIVALENT TO 90% N/N DOUBLE TONED MILK) ONS-INTERNATIONAL NUMBERING SYSTEM) ALLERGEN INFORMATION: CONTAINS MILK, BARLEY, WHEAT AND MILLET","gluten, milk",green dot,https://images.openfoodfacts.org/images/products/890/257/900/2329/front_en.24.400.jpg,2025-03-04T15:29:53+00:00,100.0
8906113490894,Soulfull Millet muesli,Tata,Muesli,india,405.0,8.8,80.0,16.0,5.7,1.6,8.7,185.0,"Rolled Oats (35%), Whole Wheat Flakes (20%), Millets (16%) [Ragi (9.7%), Jowar (6.3%)], Refined Sugar, Corn Flakes (5%), Invert Sugar Syrup, Almond (3%), Raisins (3%), Honey (1.3%), Malt Extract, Wheat Bran, Edible Vegetable Oil (Palmolein), Emulsifier (INS 322(i)), lodised Salt, Anticaking Agent (INS 170(i)), Natural Flavour, Antioxidant (INS 320). ALLERGENS: Contains Nut, Oats, Soy, Wheat.","gluten, nuts, soybeans",,https://images.openfoodfacts.org/images/products/890/611/349/0894/front_en.3.400.jpg,2025-03-27T05:44:42+00:00,100.0
8901512881205,Sundrop Peanut Butter Regular,Sundrop,Peanut Butter,india,610.0,27.9,19.8,9.8,49.0,11.0,11.0,182.0,,,"vegetarian, green dot india",https://images.openfoodfacts.org/images/products/890/151/288/1205/front_fr.3.400.jpg,2025-12-22T04:16:14+00:00,85.71
8908009059178,Super Multi Grain Bread - Zero Maida Bread,The Health Factory,Bread,india,238.17,12.91,43.19,4.41,1.53,0.22,7.37,365.91,,,"vegetarian, green dot india",https://images.openfoodfacts.org/images/products/890/800/905/9178/front_en.11.400.jpg,2026-07-19T02:26:17+00:00,85.71
8906113490887,Tata Soulfull Millet Muesli,Tata Soulfull,Muesli,india,400.0,9.3,76.3,19.7,6.4,1.0,10.8,154.7,"Millets (26%) [Jowar (13.6%), Ragi (6.6%), Bajra (5.8%)], Rolled Oats (25%) Wheat Flakes (15%), Corn Flakes (5%), Dried Cranberry (5%), Refined Sugar, Black Raisins (5%), Dried Papaya (3.29 Almond (3%), Rice (2.8%), Invert Sugar Syrup, Honey, Malt Extract, Edible Vegetable Oil (Palmolein) Emulsifier (INS 322), Strawberry Powder, lodised Salt, Colour (INS 162), Natural Flavour, Anticaking Agent (INS 170(i)), Acidity Regulator (INS 330), Antioxidant (INS 320).","gluten, nuts, soybeans","vegetarian, green dot india",https://images.openfoodfacts.org/images/products/890/611/349/0887/front_en.14.400.jpg,2026-08-26T04:03:49+00:00,100.0
8904089921008,Total curd,Heritage,Yogurt,india,,,,,,,,,,,"vegetarian, green dot india",https://images.openfoodfacts.org/images/products/890/408/992/1008/front_en.3.400.jpg,2024-10-13T16:38:53+00:00,85.71
8906143890053,Unsweetened Peanut Butter,The Whole Truth,Peanut Butter,india,651.428571428571,25.1428571428571,17.7142857142857,3.42857142857143,53.4285714285714,5.14285714285714,8.57142857142857,26.0,peanuts 100%,peanuts,"vegetarian, green dot india",https://images.openfoodfacts.org/images/products/890/614/389/0053/front_en.3.400.jpg,2026-03-15T08:37:01+00:00,100.0
8906016102665,Varna Dahi,,Yogurt,india,,,,,,,,,,,"vegetarian, green dot india",https://images.openfoodfacts.org/images/products/890/601/610/2665/front_en.4.400.jpg,2025-06-13T15:23:12+00:00,78.57
8906010500900,Wheelos Masala Flavour,Balaji Wafers,Snacks,india,484.0,7.5,62.6,2.0,21.5,10.0,0.0,1423.0,"REFINED WHEAT FLOUR (MAIDA) (60%), EDIBLE VEGETABLE OIL (PALMOLEIN, RICE BRAN), TAPIOCA STARCH, CORN FLOUR, EDIBLE COMMON SALT, DEHYDRATED VEGETABLE POWDER (ONION, GARLIC, TAMARIND), SPICES & CONDIMENTS 2% (DRY MANGO, CHILLI, PEPPER, CUMIN), SUGAR, YEAST EXTRACT, ACIDITY REGULATOR (INS 296, INS 330, INS 334), NATURAL & NATURE IDENTICAL FLAVOURING SUBSTANCES (MASALA), FLAVOUR ENHANCER (INS 627, INS 631), ANTICAKING AGENT (INS 551, INS 341 (III)), PAPRIKA EXTRACT (INS 160C).",gluten,"vegetarian, green dot india",https://images.openfoodfacts.org/images/products/890/601/050/0900/front_en.20.400.jpg,2026-08-27T16:16:19+00:00,100.0
8902710100150,White Oats,Bagrry’s,Oats,india,397.142857142857,14.2857142857143,66.0,0.0,8.57142857142857,1.42857142857143,10.2857142857143,4.86,Oats,gluten,"vegetarian, green dot india",https://images.openfoodfacts.org/images/products/890/271/010/0150/front_en.8.400.jpg,2025-04-01T10:27:35+00:00,100.0
8901063341500,White bread,Britannia,Bread,india,250.0,7.4,52.4,,1.2,,,,,,,https://images.openfoodfacts.org/images/products/890/106/334/1500/front_en.8.400.jpg,2026-03-26T11:16:22+00:00,85.71
8901063146280,Winkin cow thick Lassi classic 180ml,Britannia,Yogurt,india,62.0,1.2,11.6,11.6,1.2,0.8,,79.7,,,,https://images.openfoodfacts.org/images/products/890/106/314/6280/front_en.7.400.jpg,2026-03-12T11:42:42+00:00,85.71
8904335604150,Yoga Bar Millet Muesli,Yoga Bar,Muesli,india,367.5,9.25,73.0,12.25,6.25,1.0,9.5,281.75,"Whole Grains 58.0% (Millets 26.0% (Ragi 16%, Jowar 10%), Rolled Oats 22%, Brown Rice Flakes), Corn Flakes (Corn Grits, Unrefined Sugar, Iodized Salt, Malt Extract, Soy Lecithin), Nuts & Seeds 9.5% (Flax, Pumpkin, Almond), Rice Crispy, Dehydrated Fruits 4.8% (Raisins, Cranberry), Jaggery Syrup, Honey, Rice Bran Oil, Natural Flavors (Almond, Rosemary Extract), Himalayan Pink Salt.","gluten, nuts, soybeans","vegetarian, vegan, green dot india",https://images.openfoodfacts.org/images/products/890/433/560/4150/front_en.17.400.jpg,2025-10-24T08:49:47+00:00,100.0
8904335602071,Yoga Bar Oats+ Choco Almond,Yoga Bar,Oats,india,323.0,23.5,48.0,14.7,7.2,,14.0,80.0,"Whole Grain 40% (Oats), Dehydrated Fruits, Seeds & Nuts 31% (Dates, Almonds, Raisins, Pumpkin & Chia Seeds), Protein Blend 15% (WPI + Soy Protein), 10.7% Cocoa Powders, Rice Bran Oil, Himalayan Pink Salt. Probiotics (Bacillus Coagulans SNZ 1969)","gluten, nuts","vegetarian, green dot india",https://images.openfoodfacts.org/images/products/890/433/560/2071/front_en.14.400.jpg,2025-09-04T03:40:38+00:00,100.0
8908005144618,Yoga Bar Super Muesli 0% Added Sugar,Yoga Bar,Muesli,india,370.0,15.0,60.0,0.0,10.5,1.75,15.1,53.25,"Whole Grains 50% (Rolled Oats, Brown Rice Flakes, Jowar Flakes), Seeds 24% (Pumpkin, Sesame, Watermelon, Chia, Flax), Natural Plant Based Dietary Fibre (Fructo-oligo Saccharides), Almonds 8%, Whole Milk Powder, Rice Bran Oil, Probiotics (Bacillus coagulans SNZ1969*). *500 million cfu per serving CONTAINS ADDED NATURAL FLAVOUR (ROSEMARY EXTRACT, CARAMEL)","milk, nuts, sesame seeds",,https://images.openfoodfacts.org/images/products/890/800/514/4618/front_en.4.400.jpg,2026-03-11T07:39:03+00:00,100.0
8904335601869,Yoga bar 23G protein muesli + choco almond + cranberry,Yoga bar,Muesli,india,386.0,23.0,53.1,20.2,10.7,3.0,7.5,89.6,"Whole Grains 48% (Rolled Oats, Brown Rice Flakes, Quinoa Flakes), Protein Blend (Soy and Whey Protein Isolate), Dehydrated Fruits, Nuts and Seeds 17% (Dates, Cranberry, Raisins, Almonds, Pumpkin and Chia Seeds), Dark Chocolate (Cocoa, Cocoa Butter, Sugar, Sunflower Lecithin), Jaggery, Rice Bran Oil, Probiotics (Bacillus Coagulans SNZ1969, 150 million CFU Per Serve).Contains Added Natural Flavour: Rosemary Extract and Chocolate.","milk, nuts, soybeans, Contains Added Natural Flavour: Rosemary Extractand Chocolate.",,https://images.openfoodfacts.org/images/products/890/433/560/1869/front_en.14.400.jpg,2026-03-10T06:19:16+00:00,100.0
8904335601890,Yoga bar High Protein Muesli+,Yoga bar,Muesli,india,386.0,23.0,53.1,20.2,10.7,3.9,7.5,89.6,"Whole Grains 45% {Rolled Oats, Millets 22% [Ragi Flakes (Ragi, Jaggery), Jowar Flakes (Jowar, Jaggery)]}, Texturized Soya Protein Flakes, Dark Chocolate Paste 13% (Sugar, Edible Vegetable Fat, Cocoa Solids, Soy Lecithin & Natural Flavours), Dehydrated Fruits (Raisins, Cranberry 1%), Nuts & Seeds (Chia, Almond 1.5%, Pumpkin), Dates Syrup, Peanut Protein, Cocoa Powder, Natural Flavours, Rice Bran Oil, Jaggery Syrup, Probiotics (Bacillus Coagulans SNZ 1969, 15 Billion CFU/g).","nuts, soybeans","vegetarian, green dot india",https://images.openfoodfacts.org/images/products/890/433/560/1890/front_en.22.400.jpg,2026-04-14T06:01:14+00:00,100.0
8908009059185,Zero Maida Whole Wheat Bread,The Health Factory,Bread,india,241.4,13.41,43.97,4.1,1.32,0.2,6.31,340.96,"Fresh Whole Wheat Flour, Yeast, Wheat Gluten, Rice Bran Oil, Cane Sugar, Iodised Salt, Cultured Wheat Flour, Cultured Sweet Potato, Cultured Glucose",gluten,"vegetarian, green dot india, Clean Label Promise",https://images.openfoodfacts.org/images/products/890/800/905/9185/front_en.37.400.jpg,2026-07-25T08:32:20+00:00,100.0
8906010500764,balaji wafers chataka pataka,Balaji,Biscuits,india,514.0,7.0,63.3,2.0,25.0,12.0,4.0,868.0,"Rice meal (43%), edible vegetable oil (palmolein, rice bran), corn meal (3%), chickpea flour, edible common salt, spices & condiments 2% (cumin, chilli black pepper, dry mango), dehydrated vegetable powder (onion, garlic) sugar, acidity regulator (ins 330), anticaking agent (ins 551), flavour enhancer (ins 627, ins 631), natural and nature identical flavouring substances (garlic, black pepper), paprika extract (ins 160C).",,"vegetarian, green dot india",,2026-08-27T09:28:08+00:00,85.71
8901063139329,bourbon,britannia,Biscuits,india,492.0,4.7,73.4,37.0,19.9,7.7,,,"Flavoured Sandwich BiscuitsINGREDIENTS: REFINED WHEAT FLOUR (MAIDAL SUGAR (331 Nutr REFINED PALM OIL, EDIBLE MAIZE STARCH, COCOA SOLIDS (2:7% Per 1 MILK SOLIDS, RAISING AGENTS (500i)& 503(0)1, EMULSIRERS r (471& 322(0)) AND IODISED SALT, CONTAINS PERMITTED HATURAL (150a&150d)&SYNTHETIC (122,110, 133&102) FOOD COLOURS AND ADDED FLAVOURS (NATURE IDENTICAL&ARTIFICIAL (VANILLA, CHOCOLATE MILK MILKY COCOA) FLAVOURING SUBSTANCES (Numbers in brackets as per International Numbering System CONTAINS WHEAT, MILK AND SOYA STORE IN A CO00L, HYGIENIC AND DRY PLACE TRANSFER wChole CONTENTS T0 A CLEAN AIRTIGHT CONTAINER ONCE OPENEDof wFatEner","gluten, milk",,https://images.openfoodfacts.org/images/products/890/106/313/9329/front_en.14.400.jpg,2025-10-24T08:05:49+00:00,100.0
8906127551437,high protein super oats,Alpino,Oats,india,457.77,22.0,51.34,5.0,18.6,3.1,11.02,,"Rolled Oats (61%), Unsweetened Peanut butter (22%), Textured Soya Protein (9%), Cocoa Powder, Nuts & Seed Mix (Almond, Raisin, Sunflower Seeds), Monk Fruit Extract, Rosemary extract.","nuts, peanuts, soybeans","vegetarian, green dot india",https://images.openfoodfacts.org/images/products/890/612/755/1437/front_en.9.400.jpg,2026-06-24T05:52:00+00:00,100.0
8904043551579,multgrain bread,modern,Bread,india,266.0,10.3,45.73,3.35,4.75,0.7,9.3,,"Refined Wheat Flour (Maida), Whole Wheat Flour (Atta). Grains and Seeds Mix (Flax Seeds, Rolled Oats, Oat Flour, Maize Flour, Pumpkin Seeds, Bengal Gram Flour, Rice Flour, Barley Flour, White Sesame Seeds, Bajra, Sorghum), Sugar, Gluten, Yeast, Edible Vegetable Oil (Refined Palmoléin Oil), lodized Salt, Malt Product. Soya Flour, Preservatives (282, 200), Wheat Bran, Emulsifier (471), Acidity Regulator (260), Flour Treatment Agents (1100, 1102, 1104, 510) and Antioxidant (300). 'Other Grains Flour Mix - 10.7%","gluten, sesame seeds, soybeans","vegetarian, green dot india",https://images.openfoodfacts.org/images/products/890/404/355/1579/front_en.7.400.jpg,2025-06-11T15:43:01+00:00,100.0
8908010900247,peanut butter,pintola,Peanut Butter,india,583.0,30.0,27.0,15.5,38.0,7.0,6.2,14.0,,,,https://images.openfoodfacts.org/images/products/890/801/090/0247/front_en.3.400.jpg,2025-06-24T09:48:00+00:00,85.71
8901512141804,peanut butter,sundrop,Peanut Butter,india,,,,,,,,,,,"vegetarian, green dot india",https://images.openfoodfacts.org/images/products/890/151/214/1804/front_en.3.400.jpg,2025-12-15T13:31:06+00:00,85.71
8906069401388,peanut butter,veeba,Peanut Butter,"india, sri lanka",638.0,26.0,21.0,9.0,50.0,10.0,,400.0,,,,,2026-02-16T20:11:11+00:00,78.57
